"relative_path","bytes","sha256"
"steps\continuous_bypass_64d\00000444_4ed4c78d6d754aac90876fc2_step_003.step","322236","985f3a8b51e95fc433e26fab15b943824b542e3bce7d843d78fc0b53f3e11d4a"
"steps\continuous_bypass_64d\00002441_179a8df075c94d0596b1f20d_step_010.step","92517","d672d945f34e568f8091e57bf9da21d33f822f6b8b2c04b6457bbf4de0aa7ffb"
"steps\continuous_bypass_64d\00006371_3fd9de0ad042479b8b17d3cc_step_000.step","86067","5b1d71fc13bf7031dc3033b93c9b320ee5e3e236ad044351a5320ceb1772606d"
"steps\continuous_bypass_64d\00008471_110e9b58ba504fd681a14cb0_step_003.step","184982","ff129a4c24890d22aca68975f3df3139906a31c7942a73cc6b79283d4f2dab5c"
"steps\continuous_bypass_64d\00008763_affd199038524a1c8e3b7ad4_step_001.step","179928","4bc5a424a23d46f6af2b689a8a2bc07b54b815cd8740552e98f8d3dcce8289cf"
"steps\continuous_bypass_64d\00009210_d7c86b5627294c37b96f2b2a_step_001.step","150393","bbb8ef3ef278848e87c5add880ea26b317fde35a3c4eea16299cff73fd614364"
"steps\continuous_bypass_64d\00010424_d3e28227a5914aa2a0542b72_step_000.step","179303","7c82ac297c52c9e2ac17e5b5b906a4bda293bf8db0cc0405bf908b614fb94cc4"
"steps\continuous_bypass_64d\00011300_7e57bdca7f5d47418ad70f60_step_000.step","320033","b9ea34e2ba34d9070265a9aae872548c3ff1487acc632475ebf12f806d1ef11b"
"steps\continuous_bypass_64d\00011427_8f6241b150114a26b91d29a1_step_000.step","284549","4cb6c4649c8c85e8a5954d3d705bc9de8b9f59873ce500073847d01a324b805a"
"steps\continuous_bypass_64d\00013998_2a899e196c7f4c74b63a568f_step_001.step","88643","70c4dfccda4bb5bd2b73afae7ae0d15bd582bca7a25b94ae249158778a1a6004"
"steps\continuous_bypass_64d\00015417_0bf937b21a0d4774a719e6be_step_000.step","149143","57251ecdcdf953dbc95a8fefd0ccb986091536d5498e3da6045f8b55a1e07451"
"steps\continuous_bypass_64d\00017804_f80310b7c47d496abd4a42be_step_000.step","95743","b95f33a1e178c1cb605161b644097ede30207021990a002aa3a6dc1be608339c"
"steps\continuous_bypass_64d\00018216_8ebdfa79f4f84261bbc10711_step_000.step","103188","be48d364fb8a89b3aa79184fbf9315522b72f369d0f9d393da315ac49a0e2176"
"steps\continuous_bypass_64d\00019270_24850bfcb0244cdc90272395_step_000.step","78739","b84df85a4d4f36b8fcbfefaf583608421028eac17ec31c73755b823a1556b028"
"steps\continuous_bypass_64d\00021066_91bd70c7097c490fa4b489b1_step_000.step","130974","7e88e0a7514c0c33f4389783d8a19038c55725433b9dad0a9f7f47517817a531"
"steps\continuous_bypass_64d\00021272_8b0d4dace1064d53a394f654_step_000.step","161787","45fd4828d134ed167629734e8e65f59bd665d155561f1cf36e485e5eee6b4816"
"steps\continuous_bypass_64d\00021281_1ef23b4d4fd3467fb3cdc8fb_step_000.step","227940","8561925ecf216312a92b1e7c10ea61a9719e80f296e0e595c2bb899ecac4cd09"
"steps\continuous_bypass_64d\00022263_295837f17fa84514a64dd1d0_step_000.step","202158","aa1a04afd530e9db801e3383fd6befcc4d8bf891d40a95f4160c36ce86b8877c"
"steps\continuous_bypass_64d\00023412_6e7c64361943421e9f4ebbdd_step_000.step","225513","3ef641949df03d34b3405a9c4f72ebd4d0b0c3e20dd02090baa4fa38c783add7"
"steps\continuous_bypass_64d\00023833_c23fa8ad3116430083224a5a_step_000.step","83184","30cce80ad3a04e73be1e00f072691e209892c635b41ac29443c0f1c9500a8e85"
"steps\continuous_bypass_64d\00025294_1cf07fcd3c9543f9891c6541_step_003.step","94027","c14727d93f5778310b64d40d4e643688b724200033de7570944ca5a80a10df1d"
"steps\continuous_bypass_64d\00026168_a368bf89a777429eb28641e3_step_000.step","68813","e949dbac1ccdb33b1ebc1cd57651acbfcaed1b2fac804a9cb04421b49c64f210"
"steps\continuous_bypass_64d\00028117_97daece11acf4d7aa4dce06e_step_000.step","102298","fc9448c3801b8f28820fe201cd8545f4adb5d80c75dcb09db4f1b5d9940f4573"
"steps\continuous_bypass_64d\00028130_3be1e5c18e464a6b98b6d317_step_000.step","282442","b0ed1bfdbd30b0efdad16b396bb8a1db8765b7d60b60d5b1b033e9326c9a574a"
"steps\continuous_bypass_64d\00029576_9fda70814b4b49a7b7711b0a_step_000.step","110642","a454a39d5c195fcecc6d1f980ce7603e36c8b3b9db1a18803c7c3a792f2b2432"
"steps\continuous_bypass_64d\00029780_a4788d5955c04fe1886666b7_step_000.step","300843","9254238d15335c8d05a6f9bd22e8d0c108d8ecbb66d5bd338199c7e2cfacc13b"
"steps\continuous_bypass_64d\00030409_d4832457062d4a429daacc20_step_000.step","306535","f3211956238abf946c4864725cdf644f7f920035903af63e9a5706aa1bdbc8c7"
"steps\continuous_bypass_64d\00032101_674d8fea687f4d9bbca6599b_step_000.step","124587","75c80c58e6d84a25b9384b4cb81151ceb504bd780007be7a90ca66093f8e3b19"
"steps\continuous_bypass_64d\00032137_9241ce05bc07477694e6c966_step_000.step","249746","a95b7f3db81ffc2697efd6113f164a606d13b99b1aef4a8c55a8fbe642cdb902"
"steps\continuous_bypass_64d\00033086_9412b644af2240c3ab6b6248_step_001.step","125468","9d6848daa808efa56b021d04150f45c53b08ad6ee86565574cb8d02e94017f28"
"steps\continuous_bypass_64d\00034477_37339e3612864099b9b536c0_step_000.step","170579","e946a462ba13e4bf70b3aa462ab19abb8b2231900ebebeb0c9aa03a3f59f8e25"
"steps\continuous_bypass_64d\00037452_8ca2379d1f164603b5fc0f71_step_000.step","153758","699115d156af928ed7b2e8e7ccc6565613bf5a3edf046afa612458dba8b69a47"
"steps\continuous_bypass_64d\00038708_1bf48b0ea47a45c6a49b8b5e_step_000.step","338265","c65eb70591393e06cd9225cf46025463878995d2caa851f2193bb63268c94f3b"
"steps\continuous_bypass_64d\00040516_91d64014ed984f1ab80c2540_step_000.step","97459","8d6223a8dfe9615c0c71a042b33dc36cd86d25c6e8c64bf54962a9d8fa9628d3"
"steps\continuous_bypass_64d\00040533_2e5a062663894807a5cb21fb_step_002.step","74435","8195ffee0ac10c618b649118ff2ab3af8f42900954efb252160730591000c181"
"steps\continuous_bypass_64d\00040705_29efdbc3841d4e90b008be17_step_000.step","97395","e368b9905378fc2ce31389caf57f65dd863ce3094db573bff67cb2cc02a407c0"
"steps\continuous_bypass_64d\00041461_306bdd55d96446919ab49bf5_step_000.step","362396","576af43bbf6de8490c06120077be8779a28a1ebfc3eebc4248a9079bcf0262c8"
"steps\continuous_bypass_64d\00042715_01a17b1a063e40428f287d0c_step_000.step","256038","c9744af1f9ffd8c885409ec0669e80cf71ff51c1781e335166b020b7cbed68fb"
"steps\continuous_bypass_64d\00044266_cb4fe2bf7cc14277b03e550e_step_000.step","139803","b177a885c40f1456984113fca4915cad0d1ae84a754b9ec1a7057749ab6a0465"
"steps\continuous_bypass_64d\00044572_2c4eb360300e42af81aa56ef_step_000.step","154733","163ab41567bea00ef540f030638679d39fd9b22b9f3d9cbc8966ddebc555dcd6"
"steps\continuous_bypass_64d\00044862_20ff2d12baed4ba699895a12_step_000.step","105298","8c85344770356d7a3b6432f4ab4cb9666083f3ee4a81d656052aad4500c88d70"
"steps\continuous_bypass_64d\00046632_476e50ea8a1a4f4a92a48363_step_000.step","271013","769b4bfe08b74e250cae3d43f0a2b42a38dc40c8060d94decebaedb596ab3c23"
"steps\continuous_bypass_64d\00047472_197769bbdd814278b715d88a_step_000.step","349343","47a7fca75ced9b842e79c205a997f1b662b89daac418782fd515ff9c84c1908d"
"steps\continuous_bypass_64d\00050336_ebe3681766c14dec85c4ffd6_step_000.step","160124","e23600d16e8f50f4388b7c73e3aa90537b9f2f150000b9420c9026b4747bd0df"
"steps\continuous_bypass_64d\00051587_446e8810d6884cae80689579_step_000.step","179979","54464abd421e64f091f43dded9a55b94d275dc5d6f9ada5c19a444764954aebf"
"steps\continuous_bypass_64d\00051602_7f1947595ae247e0a4a32f43_step_000.step","184477","87d595ed075d8bde0225c021519acec2f5e9f77e40e9b694b31146ce1879a54f"
"steps\continuous_bypass_64d\00051988_07c71470b81f4563a51961d1_step_000.step","111709","2f14fff05165e3d019aac84a1ea10c21e68434ce980f6d02c3c30da69ee33440"
"steps\continuous_bypass_64d\00053039_8abed53813ef4811b9c9999c_step_000.step","207677","5d8bbf8f9d3cc9d4fb03f09e0efad86baa173cf9d28e981c344e6e3fbeb09f7c"
"steps\continuous_bypass_64d\00053399_b8b0d7d11a0745ff88f0c9f8_step_000.step","129842","b01a33968fe151a9c5db80558d723a2a9cc8045373beffe8eae126d8d954c79a"
"steps\continuous_bypass_64d\00053623_a17f8fdc818840b0b93ccf9e_step_000.step","67660","35437993b7246799456d400fbd5e5702bdf0cedda18ac8ab0dbb0ddeb6ce41b1"
"steps\continuous_bypass_64d\00054752_0184c3ca39c94850b2d318ef_step_000.step","78633","1bd46de5fef72d74143ea9e6ab7e21fe9cb3650dc3ae715cbf7dde7c8075f35d"
"steps\continuous_bypass_64d\00056988_bbfee41efd6d47798ad0285c_step_000.step","94220","4ac90b911b29904a6e8a490bbf5b3d7a72de55137b09476c7fc971835866a14c"
"steps\continuous_bypass_64d\00057726_dd809fd4840842098bdc4775_step_000.step","232714","0c6f7d3d7f5d96077100c6aea3f8537ba66d4fff149263805770db8169d16ced"
"steps\continuous_bypass_64d\00058174_7a6e01fafd7e49ff83747fbc_step_000.step","89548","d9b6e44bf1410d5e56dd0656916c051dfa7ca4f1d4fecbe859b50cd9603fbd5e"
"steps\continuous_bypass_64d\00058318_b0522469aa7444609fdb8648_step_000.step","235256","a91b428c5ec8894c05e2d32dc058e6967495c81c594272da9c9a703c10b32a0e"
"steps\continuous_bypass_64d\00058806_ff012a6d72d24a3b8cdad1bf_step_000.step","217258","5de38df093b1f91ce88e9da8e4d7849a08f5f8e40442ae9cf41684e3249e0fc2"
"steps\continuous_bypass_64d\00059512_4c602d653ee9437aa2550d0c_step_000.step","109360","bcfa3a2e9358113434b5c31b5bf37eddf5475521ae23361a4c4e22ce65a7ca54"
"steps\continuous_bypass_64d\00059687_760d1454bb604b12b41c1b4f_step_000.step","302795","c60c254fbccdd9190f7983ce9bac0a6b98321b392f5b4f83c61c61733beb8c1d"
"steps\continuous_bypass_64d\00061931_dcdd8a95feac4121adfd341f_step_000.step","207954","055ec88bc77b0d46718b0947226f0d4003fb1d6b35028c1f180738ae22a2890c"
"steps\continuous_bypass_64d\00062455_47888b68dba146bf8ea154b6_step_000.step","224596","fe65c2655bc6f949bc34cbabd75eaa1a399ade73844787833260b6044e53c000"
"steps\continuous_bypass_64d\00062859_49e91e08b7e245a19d4746f2_step_000.step","182098","a1c361bbc1b44c6b33ed5e1e0da232156e84308fa04d4507f84446a5ae31af79"
"steps\continuous_bypass_64d\00062906_ad77c1a0803945928422e4e1_step_000.step","172988","a845b152dd2e3e22277d24eeabff71d7f51b8934721a0cceb9cd18919ec383e0"
"steps\continuous_bypass_64d\00063055_e309c689b9b44f0686f47966_step_000.step","135621","80d787e09510c7710d9761b298c4a730ac3580ad3aa1c268fc02edd80b41da00"
"steps\continuous_bypass_64d\00063603_02451900b6324f6aa2c2c262_step_000.step","99970","56fed33be862b69e7b19db782d57bb871233f8a191f36f4a4da810140b56ff66"
"steps\continuous_bypass_64d\00064437_87571c97a736487da9c4462d_step_000.step","140539","9eebbd1db65c28d3012118e9630056cca5d44a53006067af4c0c8327d8c47efb"
"steps\continuous_bypass_64d\00066307_28655d45c4dc4e378db24d63_step_000.step","226861","1dadc05ab5bdfbba392dae6341c366b962172e4811c9599accad17b37ce2ac7a"
"steps\continuous_bypass_64d\00067160_2a27016aa44f42c69c1079f7_step_000.step","210238","ef4fcb83fb98e9ecb09a7125c930353abe40d4d7fb354fd5f7f62feb93022df1"
"steps\continuous_bypass_64d\00067391_7a3b816e2d7a4b15a9f9c018_step_001.step","322311","8fb05e54a6852bbf0a248f83c6ef6511294b0f6239469c6f4a118144f2066ae0"
"steps\continuous_bypass_64d\00070919_7b5d23e3b3174924a75859ea_step_000.step","106364","aaf283dbd465350fd91af9435b7ffca19649ba8b1a0bdbe8ab04a593bd59c37a"
"steps\continuous_bypass_64d\00072557_085af6b71b01489cae846c20_step_000.step","176422","c8a340322121901dcb70cb3530f46efb229d448d14a15114985796eaf74dbd09"
"steps\continuous_bypass_64d\00073885_dab27e634677416083de7a51_step_003.step","181402","1f4cbad1b130707a66f262acaf525bd441361b2a4f4651b717dd302aa1a50fcd"
"steps\continuous_bypass_64d\00075126_e15ecd8d25124bd08c56c2bc_step_002.step","248967","752dc69e92010f86ee516ef1b9efd1650bcaee867995c70cb6e0bfaf45896eb8"
"steps\continuous_bypass_64d\00076198_7fde7438ca5d3ccb8a1dd1f4_step_000.step","315273","458692f343e4404df4f1d4beba09d918e5196a823a82394019fdb8c14a1bb1bb"
"steps\continuous_bypass_64d\00076294_05622137065cf40a5bcffa79_step_000.step","179522","2fca5b8f266791f64ad2c39de21aa6a93558173fd2955ca5c76c26b66a223b59"
"steps\continuous_bypass_64d\00076803_56aa612fe4b0d96590376629_step_000.step","182117","ba3a94b8a5a2820b047ee8a244df858f21600e88757422bc5b0983df18389beb"
"steps\continuous_bypass_64d\00078600_65d953d0cc37aa64abab0684_step_000.step","287176","13e423546b6d00aedd20b290406ec579c2255c90bac3dc87920fa0cd4d332774"
"steps\continuous_bypass_64d\00081451_22cff4ffbc7ecf283fa8bf38_step_000.step","70642","a0dc16193e883f697bc4fe2c4b568b85f7b9e605c317bc4eb9ae0c8dc03f83b0"
"steps\continuous_bypass_64d\00082071_e93c957f836d34e1e665f0bc_step_001.step","205510","5644d46ff72fa2d1df74c43dcb39970215c452ded6cc5ea710900e2ccf3c1414"
"steps\continuous_bypass_64d\00082652_163ee4579a5b5c47a5204727_step_000.step","171549","36bd4c4743f77ba14df99eadb3559130f7db1b5ca9c752915c2fd7929dab15d1"
"steps\continuous_bypass_64d\00082898_758f08aa258ddc34258e2fe9_step_000.step","228851","fcb83406c6d176ecaf9dbd5ea635f40f8d1c54cef48f37153cc893cd0ee5543a"
"steps\continuous_bypass_64d\00082964_9042b554b64fd2c8ff358a40_step_000.step","68703","6232356f2d6c9bd03e52af644e7321ca8608ef3dd295474999fe32516ed6f0ab"
"steps\continuous_bypass_64d\00085351_04f486b5f5add93c1cc93423_step_001.step","67540","8e63677852fdd759917f1680989975d89a34d9a4045354275ac059023521c8f9"
"steps\continuous_bypass_64d\00089531_2fbe1cb926b52e6698a2f1f2_step_000.step","334293","883cbc0639c1f9ac3785d0f95aef46f1db4024d03a2347d50aa107987b0c7b3d"
"steps\continuous_bypass_64d\00089752_f46bd660f6d729ad341d926a_step_000.step","99638","c2cc6d6ce61a36be601c26e7bacef08b86bf65a7505521dd6cc3fe0f806c4227"
"steps\continuous_bypass_64d\00093480_56ca6c21e4b0747e94b5fd0c_step_000.step","131377","62d685ed29d9502cdb278b2cf82e396d8f8de2105982a1597abd54ac9a9b1625"
"steps\continuous_bypass_64d\00093498_78cd6150806188dafe1aec96_step_000.step","94450","05610e6132f539aa16b147767bc7f1804a25ad74a83141ed7b19b7f21d47fa29"
"steps\continuous_bypass_64d\00093612_ff1d07e0ce7a0e8af6a968e8_step_000.step","322089","82265bbfa65970c15e26cc377aa8649500d5950399ebc5f66a63803e46885946"
"steps\continuous_bypass_64d\00094259_b8aef52e624b95f2186bac46_step_000.step","213682","cd446f130e72d698f41093ee5ac6d8ec61ae5cbd45a187635fd834c003604459"
"steps\continuous_bypass_64d\00094558_0ea6b42282af322cf84de9f6_step_001.step","188483","016235ee050aa2d7b8cc79a076927fe3ea36b43288be20fd87f60b86c492e431"
"steps\continuous_bypass_64d\00094802_e0e5d3217e20015960b1f4bc_step_000.step","259931","29f12c7e7c5c87b145a0eae5beac91a02c279768050f430f04f9cda6f658cfc6"
"steps\continuous_bypass_64d\00095604_0283263d8d8f13ce1bfd782a_step_001.step","98085","594d6fe608536c62687c8609a3af05c6210ea8c2c27130352f3ee4fdd3266ef1"
"steps\continuous_bypass_64d\00095863_0fdff2b55aeeabfa69ff33a2_step_000.step","171082","7d13df8d2eaa8739597b2d37cf73b5d27ac53ae32e2c8e87fdd15dc901a49410"
"steps\continuous_bypass_64d\00098452_bfab08be45c79c7628312c2f_step_000.step","85622","995ea521ca9bccb51c205140ffdadddc71c55c5c96305b681b1ea8a0dc1b47f3"
"steps\continuous_bypass_64d\00099035_5bb58c4fffe22efa72d1057b_step_000.step","159257","3f9c0e0b1f5cc468300e54a4f76bc49931d85e9fa191c47b9192bb63eb87695f"
"steps\continuous_bypass_64d\00099234_56d5306be4b0a5e7b6f734b6_step_000.step","210448","cd4352fdced2f89b8b3f000ed6bb5aa91d9c0c28cb02fa632163247b863dc495"
"steps\continuous_bypass_64d\00099781_56d5a9a4e4b02da21ba14586_step_000.step","83685","02081ada1827ce88a91ea260e5af3543f4fd87f12820e5d04f1e3e68cccdee95"
"steps\fsq_8192_4d\00000444_4ed4c78d6d754aac90876fc2_step_003.step","334270","0fed9a4bc8b2698dc9e712d4fee4cd83dc541dd1a914cb4397f2bde158cc2186"
"steps\fsq_8192_4d\00002441_179a8df075c94d0596b1f20d_step_010.step","116650","3482aafe0815b24a4eab7a241674c260f71aabe01fadf754fee57141224d24e1"
"steps\fsq_8192_4d\00006371_3fd9de0ad042479b8b17d3cc_step_000.step","83344","67da572c337390417bd7c5381b203a31daa1cc897ad3c6e8cda07543040810f1"
"steps\fsq_8192_4d\00008471_110e9b58ba504fd681a14cb0_step_003.step","233028","d2adf45633532f85945bfa12da87160a375ad313450eeba190b3e5fbeb809bdb"
"steps\fsq_8192_4d\00008763_affd199038524a1c8e3b7ad4_step_001.step","239708","512bb6adc01e5dcb3f43944678d248d52d9cda96eba25eee6b8b5e96a699fcc1"
"steps\fsq_8192_4d\00009210_d7c86b5627294c37b96f2b2a_step_001.step","176099","5ad0ae19debc4193b527a32fa49d5c71e0cc1da9088315c2e4efa22c367f5eba"
"steps\fsq_8192_4d\00010424_d3e28227a5914aa2a0542b72_step_000.step","228993","94f91188de8ee7a76e4a93f20b73db54cd0d053601751856c69627108f637336"
"steps\fsq_8192_4d\00011300_7e57bdca7f5d47418ad70f60_step_000.step","372132","2071336cdee28c5d376fa05c884c9f59d4f724913f3049b4805db0df4d4ef928"
"steps\fsq_8192_4d\00011427_8f6241b150114a26b91d29a1_step_000.step","295238","eb700cdca628d8ae7700a004ebc23e649d9097c860318267bd4531b5f3999e92"
"steps\fsq_8192_4d\00013998_2a899e196c7f4c74b63a568f_step_001.step","102313","c991fd7e3c944523baccb8d681c718f5f0731715b1ea76a36b2b2d974aa0582b"
"steps\fsq_8192_4d\00015417_0bf937b21a0d4774a719e6be_step_000.step","195108","14e4343c89b1aec1e971626ed4bd4d4fab94fb2c6590972179f51937b8d6961c"
"steps\fsq_8192_4d\00017804_f80310b7c47d496abd4a42be_step_000.step","123780","3426d0809f0939da9fa2da037096742f6bf10dbb62b57015adca4b7552f58454"
"steps\fsq_8192_4d\00018216_8ebdfa79f4f84261bbc10711_step_000.step","123580","d9c43465b337fcede9d9c00b8553e4ca05357100b783c6efbfcb7f16719c71b0"
"steps\fsq_8192_4d\00019270_24850bfcb0244cdc90272395_step_000.step","104179","145e0da61b0ffa983e452383ae2f1205cc38e354c73a8d833f047d205185d53f"
"steps\fsq_8192_4d\00021066_91bd70c7097c490fa4b489b1_step_000.step","142311","6489aa6ca5fb051e5739546077b20710fb04d798dd4b2676bbb99e0c3d665a17"
"steps\fsq_8192_4d\00021272_8b0d4dace1064d53a394f654_step_000.step","213537","d93ec8d65f4a8778ccd7edb6e942d350817cda4881fde9f615d03f7f250c0f71"
"steps\fsq_8192_4d\00021281_1ef23b4d4fd3467fb3cdc8fb_step_000.step","276045","49189a0ee86b2ebc29ec7ac2f451132aa9649f865f0ed54134e14e7c360ef7dd"
"steps\fsq_8192_4d\00022263_295837f17fa84514a64dd1d0_step_000.step","238514","30f96019ef4f2cf36885270fb4288b151b1a8603d5ecf964514d897a3844cdbd"
"steps\fsq_8192_4d\00023412_6e7c64361943421e9f4ebbdd_step_000.step","251589","31123d4df5a88d062f5e38c286551a65050abf2bf4237edd549a735bf01855c4"
"steps\fsq_8192_4d\00023833_c23fa8ad3116430083224a5a_step_000.step","125372","7ff70abd76afd30347b5bc90704f283fb54a259e845309d40ded98cfc6f2004d"
"steps\fsq_8192_4d\00025294_1cf07fcd3c9543f9891c6541_step_003.step","111638","e305f05f523af56071f354c04f80d619458334b5aa4da6f9c98ced545a753b29"
"steps\fsq_8192_4d\00026168_a368bf89a777429eb28641e3_step_000.step","96330","ec19c9ff977b550df92d78677e547bad0441d33dc60208e5f8a9aff819b6bd3e"
"steps\fsq_8192_4d\00028117_97daece11acf4d7aa4dce06e_step_000.step","116202","0a35ebd33f55819508883bcbde505bf6e3240096750a185cd465af953948869f"
"steps\fsq_8192_4d\00028130_3be1e5c18e464a6b98b6d317_step_000.step","349530","fd4edcf0382f7cd2c5f95f57e67f11a19ff4d96b33ea73d18850ce19ba941817"
"steps\fsq_8192_4d\00029576_9fda70814b4b49a7b7711b0a_step_000.step","167864","4246545a8a8a6355e1cc414f9c8c56b359d8bc51972c4d8cf4c6eeff60bcb25e"
"steps\fsq_8192_4d\00029780_a4788d5955c04fe1886666b7_step_000.step","416147","2c3cbe1ed4a92c7712f9b24f1fd1543dcb40c53d59a3ee57788d0c097c66074d"
"steps\fsq_8192_4d\00030409_d4832457062d4a429daacc20_step_000.step","354980","0c0bd48cf38d79140157504d549920060f9f549e6a427059abbb16bb89c083da"
"steps\fsq_8192_4d\00032101_674d8fea687f4d9bbca6599b_step_000.step","137203","f4c80ba0e987e8b96470b81d95e25068b5c544b92db6b91e06a5eef37cb6ead9"
"steps\fsq_8192_4d\00032137_9241ce05bc07477694e6c966_step_000.step","298956","d1dbb8fde1d5f0f92cc9ff70dc2c1af7ddb14d34b379e7417b974a1754dcd7bd"
"steps\fsq_8192_4d\00033086_9412b644af2240c3ab6b6248_step_001.step","159709","af52b1580ed1062cbd0bd1b1e6fb07e8bfca6e16bbf9e3587c2026185e39e959"
"steps\fsq_8192_4d\00034477_37339e3612864099b9b536c0_step_000.step","190190","dc298b2636f8527cc9c0a3f73bfe46a296e20e92957c59e69c4836bcf152563f"
"steps\fsq_8192_4d\00037452_8ca2379d1f164603b5fc0f71_step_000.step","202966","7977823d17afa2aa8cee3539edb476346148b12dad06e5540ee10ebe7ad834b7"
"steps\fsq_8192_4d\00038708_1bf48b0ea47a45c6a49b8b5e_step_000.step","366035","9681977b54cca5a5a46fc4fdf7d9d1b467ecf1956da34ee244a6f3a2bba22b7c"
"steps\fsq_8192_4d\00040516_91d64014ed984f1ab80c2540_step_000.step","124000","dda3352baa4c6eadead761574dcc0998540e6f960c228bfc2c499f9968c98b20"
"steps\fsq_8192_4d\00040533_2e5a062663894807a5cb21fb_step_002.step","98079","295a3ff7af077d172fcf89adc6a564ab23473dc0694d7f764c60cc6c5b173d94"
"steps\fsq_8192_4d\00040705_29efdbc3841d4e90b008be17_step_000.step","106224","8f4a26c41698a21b0b3fcc207b782b97441fd790b8121a6b56f2f1b25213342f"
"steps\fsq_8192_4d\00041461_306bdd55d96446919ab49bf5_step_000.step","414856","af71bcf3ffc9326daa061b661269ff239806927b006c084aa72b918989324b61"
"steps\fsq_8192_4d\00042715_01a17b1a063e40428f287d0c_step_000.step","305964","bc3a9eda49c5e3c2f9d8625030d7ba7198f444e16adbfd047075dec3f27c400b"
"steps\fsq_8192_4d\00044266_cb4fe2bf7cc14277b03e550e_step_000.step","184597","842efee77b73d55113c57810982c348f1b73d53bfa695884f1bc73d923415266"
"steps\fsq_8192_4d\00044572_2c4eb360300e42af81aa56ef_step_000.step","179820","de5866d49e104b98f108ccb493b5db95020410b49129b8521373414416e4e9d5"
"steps\fsq_8192_4d\00044862_20ff2d12baed4ba699895a12_step_000.step","119893","721d07cd4dda7d31f16295c7ea01c6c43b867dc2a333ef60a148c599598dea79"
"steps\fsq_8192_4d\00046632_476e50ea8a1a4f4a92a48363_step_000.step","328309","1e1e21b9784ebb6ca2306736b60e95d2351b3682d8a38df32d795c56ca980205"
"steps\fsq_8192_4d\00047472_197769bbdd814278b715d88a_step_000.step","417287","c2b60dd6774af46d65d79f4a48f03b6df058d596dcf55057d1021a02d08d0e87"
"steps\fsq_8192_4d\00050336_ebe3681766c14dec85c4ffd6_step_000.step","197988","47540ab7f1e63875a3c8f96e5b5b26d15ce63758532024ae0d8906da8a818849"
"steps\fsq_8192_4d\00051587_446e8810d6884cae80689579_step_000.step","249797","c69155b3ca282c7c6abd083bb341d0c6315e10b759d2d443edcb02f8e9276f6f"
"steps\fsq_8192_4d\00051602_7f1947595ae247e0a4a32f43_step_000.step","252890","93a645ad0370c96ab4b1d4ff54aa3da9895dc82e69e2221d74d6a5fc13befa5c"
"steps\fsq_8192_4d\00051988_07c71470b81f4563a51961d1_step_000.step","150270","e2101ecf9877e7fc614377e3ccd8d51c4f0adbae0cbcf84c2b35473c253ddf31"
"steps\fsq_8192_4d\00053039_8abed53813ef4811b9c9999c_step_000.step","233460","6b837c673617e0ff001afb25fb8fbce68b6044b6d18930988b321ff1ccc8eb2f"
"steps\fsq_8192_4d\00053399_b8b0d7d11a0745ff88f0c9f8_step_000.step","170570","4d9127dfc6e4c1cf6703d10f56d123e927506acf39b8edb09f34288dbff05853"
"steps\fsq_8192_4d\00053623_a17f8fdc818840b0b93ccf9e_step_000.step","83657","24a598e4100cb2c9756cba233c8e05c70a7c3fa26da126ba56225c4193b0db9e"
"steps\fsq_8192_4d\00054752_0184c3ca39c94850b2d318ef_step_000.step","102002","d02aa83d1efb5d6b09c4a4b24efb459deefbc53cf8084c9a03d503326618e7da"
"steps\fsq_8192_4d\00056988_bbfee41efd6d47798ad0285c_step_000.step","104536","74cd4dfeb095f66012624b267f3c02a715b5c2b66fa2aeb6a6c5ac0512fbc91a"
"steps\fsq_8192_4d\00057726_dd809fd4840842098bdc4775_step_000.step","319107","6215f96eb8391037cd608197b6eb7a308bc506c6c38f9c7690ef853b71582772"
"steps\fsq_8192_4d\00058174_7a6e01fafd7e49ff83747fbc_step_000.step","111929","97c9d4f3cd2f7cbce13253c3185b3f905ecb5221ecdcd66bf83fb72edd7acb7f"
"steps\fsq_8192_4d\00058318_b0522469aa7444609fdb8648_step_000.step","307199","fc133db06954e54a110cd93e6634b32df72d1dc12abb36220402f7c6abf04c82"
"steps\fsq_8192_4d\00058806_ff012a6d72d24a3b8cdad1bf_step_000.step","251248","9490848b3aa26025d3e3796897b05ab62c37d249ac901197f058edb7255ae774"
"steps\fsq_8192_4d\00059512_4c602d653ee9437aa2550d0c_step_000.step","110148","6670c24540fd96a7dd6570a84f0ca80d94cd967125153a837564d306f99fdd48"
"steps\fsq_8192_4d\00059687_760d1454bb604b12b41c1b4f_step_000.step","350638","7bdda922f6c142b9b2aaaa555a384b2becaff95bcb9cdc37f34a403490a3450f"
"steps\fsq_8192_4d\00061931_dcdd8a95feac4121adfd341f_step_000.step","420656","307f444b1265e1d067f9500f74fa34468bc03b6121bd5873b4c7f545eebdfb22"
"steps\fsq_8192_4d\00062455_47888b68dba146bf8ea154b6_step_000.step","258331","220d01d3f222af9595bd01c4d0d544d25439927bc4b783e0472fd8559bc61567"
"steps\fsq_8192_4d\00062859_49e91e08b7e245a19d4746f2_step_000.step","204604","e791d6db4d12942483b87941b48671a6f9c6460dd79c8564e7c0a47ec72aad74"
"steps\fsq_8192_4d\00062906_ad77c1a0803945928422e4e1_step_000.step","203667","40ed713d814b84f3fc3ade20d60fbd40fc358e17cc8eae9326781122176c29ee"
"steps\fsq_8192_4d\00063603_02451900b6324f6aa2c2c262_step_000.step","116789","415c77acfcff63de2c594f69ad388df597099c32f057b819039a3310921c6892"
"steps\fsq_8192_4d\00064437_87571c97a736487da9c4462d_step_000.step","169461","65eac30c7cb3b54c65e5f8cac5d038f73d48598a15266597963a0acab560c9e9"
"steps\fsq_8192_4d\00066307_28655d45c4dc4e378db24d63_step_000.step","240615","e701b62e9f5b5429c5ccf1a699c5433ca6d17183cf258c43dc5cf47849cb608e"
"steps\fsq_8192_4d\00067160_2a27016aa44f42c69c1079f7_step_000.step","243483","903703434198082bbb619e4c89072f15aeb92a0b09de8847692d760e91f8b1ee"
"steps\fsq_8192_4d\00067391_7a3b816e2d7a4b15a9f9c018_step_001.step","389420","c067e3be8602d3d4f9d8c367b6b6a6af73f3e7c392035627de027c8e1285fc0b"
"steps\fsq_8192_4d\00070919_7b5d23e3b3174924a75859ea_step_000.step","122877","468d14b5bd5493811c533fa2d0889209423404a7761ae1455d91e50f150b945a"
"steps\fsq_8192_4d\00072557_085af6b71b01489cae846c20_step_000.step","216255","912589c4404be10ea6a50cc984e17348880cebaf88930fe1bbe64bf4149c9b64"
"steps\fsq_8192_4d\00073885_dab27e634677416083de7a51_step_003.step","240467","340cefdf5097a0e779710225a0b61278801ef2817a8c2b6c06153ac6f847ddfa"
"steps\fsq_8192_4d\00075126_e15ecd8d25124bd08c56c2bc_step_002.step","292921","5ed9fb2a7cc7c15797e52b35fcc941c6aa4c69287543bbfed31b35d49dab9c98"
"steps\fsq_8192_4d\00076198_7fde7438ca5d3ccb8a1dd1f4_step_000.step","372442","2021ea524f9bd15726c87f8e431a207cc551008313ecac6d768d011fcf8d559c"
"steps\fsq_8192_4d\00076294_05622137065cf40a5bcffa79_step_000.step","208583","60c21ae15d02aa90e6590f8459c4f4470f2413df262f3161807d54881f43e48f"
"steps\fsq_8192_4d\00076803_56aa612fe4b0d96590376629_step_000.step","209643","35bd5f1e26909e6eefcc689f49c296eac38d8ac773a8b2a300f580e6ccec020f"
"steps\fsq_8192_4d\00078600_65d953d0cc37aa64abab0684_step_000.step","352383","982698a1ece8a95e947ef984dc6adfb9837f4495cc65fd1d7aa23acd4933c74a"
"steps\fsq_8192_4d\00081451_22cff4ffbc7ecf283fa8bf38_step_000.step","83597","b2f617780cf85db08d0dfc321e1d4569567941a7ae0c0bafc31d3f224537b316"
"steps\fsq_8192_4d\00082071_e93c957f836d34e1e665f0bc_step_001.step","240434","608fd90ff978da13b7b541edd2181930349c11d345a4951cb3d0348a81d21dda"
"steps\fsq_8192_4d\00082652_163ee4579a5b5c47a5204727_step_000.step","207804","283444f6b333268987edab0b9b2a8080b22ca8a4b2b5f77a018ef05c53a54d92"
"steps\fsq_8192_4d\00082898_758f08aa258ddc34258e2fe9_step_000.step","282593","722aff50887667928c51dbc51f0bcf67b05a7f2e2c4d2db5171a254d0831a668"
"steps\fsq_8192_4d\00082964_9042b554b64fd2c8ff358a40_step_000.step","100015","951c533ba8c34928803a06c6db8fc2b4feb6fc4dbb06d1072dd14708dc389c80"
"steps\fsq_8192_4d\00085351_04f486b5f5add93c1cc93423_step_001.step","74199","e35a0efa1532dab3072d6f8f76fb69b9add080c62ab921125368d501bc04d952"
"steps\fsq_8192_4d\00089531_2fbe1cb926b52e6698a2f1f2_step_000.step","423042","d2f3971a57dcd5b9e7d840d2744ebca5c91a208f129ee6000e93150fd66f8ff3"
"steps\fsq_8192_4d\00089752_f46bd660f6d729ad341d926a_step_000.step","137016","82fbb5e6450ab7965254289a898b49d15593a5917b90419e4e98e591b38ab928"
"steps\fsq_8192_4d\00093480_56ca6c21e4b0747e94b5fd0c_step_000.step","197589","f8ae146699313973fb7db201bdd6ba463dd66f5918a2e6afed86d248c115c837"
"steps\fsq_8192_4d\00093498_78cd6150806188dafe1aec96_step_000.step","120670","ed5d00fc3abea5cb543a13c26c70dca2869284f73123e4a4d052102377ffa3b5"
"steps\fsq_8192_4d\00094259_b8aef52e624b95f2186bac46_step_000.step","263992","e7275f0297dc05a7ca06a8765f3e1b0edda9459f0fc8adbb00b6cc94c821a02d"
"steps\fsq_8192_4d\00094558_0ea6b42282af322cf84de9f6_step_001.step","215756","e5081f36499546badb9175ce7ee68a78e64bd7e1a479d130c4d66720de509529"
"steps\fsq_8192_4d\00094802_e0e5d3217e20015960b1f4bc_step_000.step","308629","7f07d15fab8decf5ffa87047c0e25c92251dfdcd33b85a08831875c9d63a5d6f"
"steps\fsq_8192_4d\00095604_0283263d8d8f13ce1bfd782a_step_001.step","120848","7ad752511fe96fa1f24f3b81f300981e21f77ef08cca88fe6b556ab7e973a1de"
"steps\fsq_8192_4d\00095863_0fdff2b55aeeabfa69ff33a2_step_000.step","217499","f39e7c29921684c2888573e2a3ecd31ca0481dccb73a7d8e23b686960e969f1d"
"steps\fsq_8192_4d\00098452_bfab08be45c79c7628312c2f_step_000.step","128218","b2b6c06fb2b9f9d90c49eee99bed4c4af3ca6c898846cee529ce2f6a22b49382"
"steps\fsq_8192_4d\00099035_5bb58c4fffe22efa72d1057b_step_000.step","201580","d339f25f61b86993c165728c50c85a65403fbc07c534d38e6fd575b64e21fe2d"
"steps\fsq_8192_4d\00099234_56d5306be4b0a5e7b6f734b6_step_000.step","223829","2003d2d1af8144c63fbcd46321124f32a1d7b2ba6e37561b42532ea050da22a9"
"steps\fsq_8192_4d\00099781_56d5a9a4e4b02da21ba14586_step_000.step","106590","42293709792f922c9525601fa361d8d23b00166e7d7e7d93b34857c5b6e2a768"
"steps\original\00000444_4ed4c78d6d754aac90876fc2_step_003.step","314722","3dacfcfd161f0fc3d401f79dc6fdb87d6b9a020c23fe60dd08da68022e2bbaf4"
"steps\original\00002441_179a8df075c94d0596b1f20d_step_010.step","103490","53df395a1aefd6318bf0708bbfa33d192ee10c1807af0840388b498f85ec702a"
"steps\original\00006371_3fd9de0ad042479b8b17d3cc_step_000.step","58186","bd1845063c5019c7b472284ffc25d5ac6d667182030cbac3d14073daa821ccda"
"steps\original\00008471_110e9b58ba504fd681a14cb0_step_003.step","182363","be1a6da8ef9f7268386cd4aa4b98d3666caab40c330790ee2f9bafc72bb5a39c"
"steps\original\00008763_affd199038524a1c8e3b7ad4_step_001.step","197855","655439fcf57aa9d7ef2e6351df6308cf013b75090cc32c18032a1e46d883e798"
"steps\original\00009210_d7c86b5627294c37b96f2b2a_step_001.step","117130","96523c9c816f81b55f89bf51346674a8dc4a6af110608a015b724e26440dd156"
"steps\original\00010424_d3e28227a5914aa2a0542b72_step_000.step","181370","6215bcefebc44a6a0f72565003daa0c49b907305b0a27d8aa3798bb3936cf8c4"
"steps\original\00011300_7e57bdca7f5d47418ad70f60_step_000.step","292555","dd864d0fa617d84b4ba3fa5a48f4651cff6c1f90fece3ffa1eeb2b0d74bfbab5"
"steps\original\00011427_8f6241b150114a26b91d29a1_step_000.step","317214","e287ae99a6cdfe64ec81787f728afc6597bc4dcac846a99fbf462b436a3f3439"
"steps\original\00013998_2a899e196c7f4c74b63a568f_step_001.step","90667","0e253a30962379cbe09f6185bc1608f773d12d9f3d2c8bbb5c27af89e12159b8"
"steps\original\00015417_0bf937b21a0d4774a719e6be_step_000.step","181403","b88f47b2a0f258cb31938239d5714dba1ffc3254d010c4d23e7ad75cdffbb5c4"
"steps\original\00017804_f80310b7c47d496abd4a42be_step_000.step","83221","273a12f242e8b11ca21a4c7baa19213b692726c3c3983b9dee5e2715ea2ce61c"
"steps\original\00018216_8ebdfa79f4f84261bbc10711_step_000.step","102507","e86078e9669557316d75511c4ede5d876f7c085ad427b056b8f863bdd2b86a05"
"steps\original\00019270_24850bfcb0244cdc90272395_step_000.step","63832","2a62b13aee9b2b39a5bf801b34a9719aae0cc56c428b6a347a39582ca3aba0b9"
"steps\original\00021066_91bd70c7097c490fa4b489b1_step_000.step","118377","55d1f88fc52ab91962ce356328f3a4f2abbf4f8599670a5525c4ed81cd062db2"
"steps\original\00021272_8b0d4dace1064d53a394f654_step_000.step","175270","d28cc68df53c7f8610b1bccfe6836208a2bad45785624d7a8f7c0673dcb738e4"
"steps\original\00021281_1ef23b4d4fd3467fb3cdc8fb_step_000.step","227660","99812a660734b39a9420138d477ec45742d4a69d2ddadbca8b8a63c1e3f62c33"
"steps\original\00022263_295837f17fa84514a64dd1d0_step_000.step","181440","b392774b56035559e0fe343093d0d4a0f76cec09ea29a6572cbdf2a5da14f409"
"steps\original\00023412_6e7c64361943421e9f4ebbdd_step_000.step","216950","b671ef5c00cb140bb7dbddbca1c7809eef3fc5f7ea7e65e228148a4e3eb67d26"
"steps\original\00023833_c23fa8ad3116430083224a5a_step_000.step","95028","2b4cebd208deefdb8dfb5f0b7401f430348ffb6fb1c6068f0d77901502804f38"
"steps\original\00025294_1cf07fcd3c9543f9891c6541_step_003.step","94510","ee2f388eb21f526e9994f542e2786e4ada62de2af793404e9675e3116899921a"
"steps\original\00026168_a368bf89a777429eb28641e3_step_000.step","69379","5bd403c7bee08219b7d7561678ae210f19ac5290af390615b1750631838136d1"
"steps\original\00028117_97daece11acf4d7aa4dce06e_step_000.step","97906","58e2c9736d5205f83f248d98ccd3a516dd7a6803753723f225dbc7c0cd8934d3"
"steps\original\00028130_3be1e5c18e464a6b98b6d317_step_000.step","310951","ee2d4c55762f585b39c1b93954532fc2f0ebad9213eef84f5d4707fa27d845cc"
"steps\original\00029576_9fda70814b4b49a7b7711b0a_step_000.step","95107","a058be228e94e9b0d64d8f11fdcdb14d4a037862618bf6bfb978964c22c57714"
"steps\original\00029780_a4788d5955c04fe1886666b7_step_000.step","259111","6ed02e5b44c2e9aae9d7c419f9ad973d99bbefc88708581880acc1b9cc776c88"
"steps\original\00030409_d4832457062d4a429daacc20_step_000.step","277434","483c5da8291bdf40851291e74eed30e47ed1912095ecfb6618ff0d5cecfade68"
"steps\original\00032101_674d8fea687f4d9bbca6599b_step_000.step","126401","1db80ee82feb13f578792e2a18fafb3bd4a3c1db75962b006ffa25a189e1a8e8"
"steps\original\00032137_9241ce05bc07477694e6c966_step_000.step","255055","7d243ce9101f3e7e707450d42acdb368b76416c8c014c559440e920539ffda94"
"steps\original\00033086_9412b644af2240c3ab6b6248_step_001.step","146411","78ea576edd278ace0ac5528cb6c19271b6ca1390bbed10d0c420f18547416670"
"steps\original\00034477_37339e3612864099b9b536c0_step_000.step","164749","288f53e0f213df6488ad75d574e21c7987d75aa27635e10fa93ff306eb419afc"
"steps\original\00037452_8ca2379d1f164603b5fc0f71_step_000.step","138433","f6adc727ba5fd312ee1ad5f8b1f8a3ee38161eb783cf69e1c35b3ad1eeb7eef3"
"steps\original\00038708_1bf48b0ea47a45c6a49b8b5e_step_000.step","308951","26477af249be1b0a135178fe4e638a58b79408c7d5ba4ecf08ae2ecb1d1d3fdf"
"steps\original\00040516_91d64014ed984f1ab80c2540_step_000.step","87237","4641c6368941d39f629c16f3fcad1f1958508702f96d7e7b09b24e973be9c21d"
"steps\original\00040533_2e5a062663894807a5cb21fb_step_002.step","88042","9d3a688e98c3c674630409016f1963a7e2c2ac5b743782a1eaa3c2a78de73f9b"
"steps\original\00040705_29efdbc3841d4e90b008be17_step_000.step","90529","61c1ad49f3042ec9539055a1c36a3ba6b7da8bb3d28421d78ab0556274615f00"
"steps\original\00041461_306bdd55d96446919ab49bf5_step_000.step","347679","c316c9d2de83392f12c89f818dd4845c148e1ebbe0ee79c6830b49755348d353"
"steps\original\00042715_01a17b1a063e40428f287d0c_step_000.step","258741","f43ef385d49a27c10ca85d834c20e54116a4f610a919f6b0d41bb646ec0fd8d8"
"steps\original\00044266_cb4fe2bf7cc14277b03e550e_step_000.step","134518","796befc12ab5ecb511313700b6d4c3a9f16322633646259b05567ae78bcaa173"
"steps\original\00044572_2c4eb360300e42af81aa56ef_step_000.step","164143","3f00b11827ce8c8d0c44c955da85f5029c2a5cf64e77067a7936b05f00f45b3f"
"steps\original\00044862_20ff2d12baed4ba699895a12_step_000.step","82381","970af4a09366a11903ed0a392512639c1a9af0742ac1ac3d88a17436e4926441"
"steps\original\00046632_476e50ea8a1a4f4a92a48363_step_000.step","309458","26db10770ecd3024e881ceb2343f3068eb6dd267fc077b9d1291ef427e7e00f8"
"steps\original\00047472_197769bbdd814278b715d88a_step_000.step","345255","acbd0e02493e129bf080ae935b468695e680f350ec3aed05af36e5a5f295af3b"
"steps\original\00050336_ebe3681766c14dec85c4ffd6_step_000.step","159084","49754869e68d483d65def6e4a73f03e7782f5f0e45f765d636da5aa05b79ae57"
"steps\original\00051587_446e8810d6884cae80689579_step_000.step","186770","ccbb67b9cf8b6ae342cf46877f3702fc3b02dfadb2e71c948ad5e35882f9f394"
"steps\original\00051988_07c71470b81f4563a51961d1_step_000.step","84671","1ca181f9123d1e886ed347e1a5e928115ab55c0f80e2213b6982e1f888fad1e1"
"steps\original\00053039_8abed53813ef4811b9c9999c_step_000.step","249114","cc14a7bdafff9176c2fe2a25e163483862fb39dc3392e5bcb4815a07f6fa2cdd"
"steps\original\00053399_b8b0d7d11a0745ff88f0c9f8_step_000.step","157190","58a6e72e349dfaf63267718048608d9f6238de0dc21f6624dae0c4683e444c08"
"steps\original\00053623_a17f8fdc818840b0b93ccf9e_step_000.step","74915","07ce680d88e4c01b86382ff9a905f908170afdfc6cd8a3745b192639629fc7ea"
"steps\original\00054752_0184c3ca39c94850b2d318ef_step_000.step","86279","6ac1e4bad768f7d98fb6542b36655a3eee3e64bdfbf71c8f10e36ee9852f0536"
"steps\original\00056988_bbfee41efd6d47798ad0285c_step_000.step","90993","28640e5aba213eefeea746209c7deb28f835c98052638a43d4dcc7fc2b01d5fc"
"steps\original\00057726_dd809fd4840842098bdc4775_step_000.step","192316","e8f5217b788c3b78ba547ae1b259c4f95174b9019dd5b6908321e39370cb8206"
"steps\original\00058174_7a6e01fafd7e49ff83747fbc_step_000.step","92544","11ea94c1d99c07219a2752f9a03aac787b551264bca81d551b5ab1dec4281659"
"steps\original\00058318_b0522469aa7444609fdb8648_step_000.step","241375","76a949b6f9a34ded094fb840421e1fd0676bf67f54f125c9e5491576af81e14d"
"steps\original\00058806_ff012a6d72d24a3b8cdad1bf_step_000.step","193171","f6a0cc91ba43f30769e7fbce10fc80f6ef1afd2fb66169aaa25371f7ab00a31c"
"steps\original\00059512_4c602d653ee9437aa2550d0c_step_000.step","121691","24ad21505dc21674222c6ff1dc0ff7c014e432cbb3315e7669137a8e0769b344"
"steps\original\00059687_760d1454bb604b12b41c1b4f_step_000.step","299039","e5f7ce14eddbbfb2df6a3c2a6dfb15f89723c31f19e42ca84c0fc1d30aa09f0a"
"steps\original\00062455_47888b68dba146bf8ea154b6_step_000.step","188426","9f72e4c9a88d9dcc6d1332e272e6ec0345905e09d03261d87243d7b456d54b79"
"steps\original\00062859_49e91e08b7e245a19d4746f2_step_000.step","217707","c7a4ffbc765fb69e912ffb8d97e651bcaa7f724dd773c20e5229bf931582f124"
"steps\original\00062906_ad77c1a0803945928422e4e1_step_000.step","163678","b2b1154dd288ca10122304665c9b75af69a206a14ad9917d2c5164625efbcffc"
"steps\original\00063055_e309c689b9b44f0686f47966_step_000.step","144809","d20da97422bbdaffebfcb9894aa33fe3e0907b2f13e7910130f20181b27ad7a7"
"steps\original\00063603_02451900b6324f6aa2c2c262_step_000.step","96901","8b677f0f0e18a68caf00858c53550faf7017a88841beadea0b7739e684839ea4"
"steps\original\00064437_87571c97a736487da9c4462d_step_000.step","138965","3cc8ed7789b948da9889a35660a013260d72df74fe9e5efa8e6e4442c68166bb"
"steps\original\00066307_28655d45c4dc4e378db24d63_step_000.step","265745","4defae83d03f90fed76f4020fe3c8b3b69e4cd24d31c9382b55545732c5331c9"
"steps\original\00067160_2a27016aa44f42c69c1079f7_step_000.step","221405","3ffa896c6dd3a2380047f8f4d2b4b2f9ffa86304da95726dde00ce9d00baa525"
"steps\original\00067391_7a3b816e2d7a4b15a9f9c018_step_001.step","330936","da90bdd7b7635899b2ae8d16578bce743f72a014a7295b30308582d8eecb2c7c"
"steps\original\00070919_7b5d23e3b3174924a75859ea_step_000.step","88596","a2e98cb2e8ffb3f811871741e2ca6111b994e20aa206feebf95eb7f3fde5598c"
"steps\original\00072557_085af6b71b01489cae846c20_step_000.step","184799","5f30d4be190ea4ba7bfdeaf46b0cf3ac5da6d244788c5d828cc1ab573cc39fe6"
"steps\original\00073885_dab27e634677416083de7a51_step_003.step","188609","8632405ae7d5230b9d2190608ffb3e08f94fa8ea8967393edd8070e86b9c5ea0"
"steps\original\00075126_e15ecd8d25124bd08c56c2bc_step_002.step","217169","1e0995f33cbe041bf8218bf9ed51af452a653fe76572cd24b2b6ed1b4ba3946d"
"steps\original\00076198_7fde7438ca5d3ccb8a1dd1f4_step_000.step","324910","39666c57e0b7743cd4795c950b8beb217d026b3f5d4897771d880beb5cd2f8a2"
"steps\original\00076294_05622137065cf40a5bcffa79_step_000.step","199685","e25af7e7f2e830dcb7351f7e3116bbf9197f799b64f55b867803ba727070469e"
"steps\original\00076803_56aa612fe4b0d96590376629_step_000.step","211954","7e74d47f5e4d4f56f00e62311a169f8396ba339ebfa24062d2cc201f44b7821d"
"steps\original\00078600_65d953d0cc37aa64abab0684_step_000.step","293529","d9431b485523d081f336be08add79f97b4f0cdae9e01ce8e51f6253adfa9af11"
"steps\original\00081451_22cff4ffbc7ecf283fa8bf38_step_000.step","77611","f16fd5d55c2dacff6b5df948b765c350559824df1e264ca01afd94e10bb4c565"
"steps\original\00082071_e93c957f836d34e1e665f0bc_step_001.step","224027","bd2da595657db21b4cb84f3bebe0855a553194d8fdc1af3852c2af251e6939b7"
"steps\original\00082652_163ee4579a5b5c47a5204727_step_000.step","166237","e20d246f76a87f385156ef221d66c354b88c6942054513f94de1355b013b4812"
"steps\original\00082898_758f08aa258ddc34258e2fe9_step_000.step","243251","28bf737758ca3f8e6f813861db6b04eaa5d954e58fb1f50cf77d1f76f9593036"
"steps\original\00082964_9042b554b64fd2c8ff358a40_step_000.step","66628","377ec0b4fc2a6edc72e3b9d2b8c0e98c7dfd8648899e066442aac15747e2b62c"
"steps\original\00085351_04f486b5f5add93c1cc93423_step_001.step","57089","3cd04ce6bfe9e207974572b95c883207df1e109b7ef4c2956ba16ac2fc185a15"
"steps\original\00089531_2fbe1cb926b52e6698a2f1f2_step_000.step","321281","30b6a19f324ed4d2d2de3467f90f90384888dd0b048461929246ddd9658d47dd"
"steps\original\00089752_f46bd660f6d729ad341d926a_step_000.step","99060","5ea0d4bacd1490a13bfd375c187723eddb8bde79d0c9844e0343005ead001f14"
"steps\original\00093480_56ca6c21e4b0747e94b5fd0c_step_000.step","127814","aa6b4d370b9d2b2213326190878c5ed6f278ccc5f4d3b138c2b863b715c109f4"
"steps\original\00093498_78cd6150806188dafe1aec96_step_000.step","78795","56566f2b92c68562afdf79958fb7252e0cc1859040117a869dd436005a1e1d6e"
"steps\original\00093612_ff1d07e0ce7a0e8af6a968e8_step_000.step","271789","23ae965bfd8a6d1147dd37ac4eb6c702ca6ec9d081656a4c3040a5b143bb755b"
"steps\original\00094259_b8aef52e624b95f2186bac46_step_000.step","242159","e090bcd9c50d604413533b46dd7cc32d3ea83c53b669a37528fb0f0dde03843a"
"steps\original\00094558_0ea6b42282af322cf84de9f6_step_001.step","214221","d944486d6ee15349c5c8e198ac9e2bbaea4c2e89b190a9bb2c6f25fd0b501bdd"
"steps\original\00094802_e0e5d3217e20015960b1f4bc_step_000.step","252987","f840761076f97b55c359248ea39bd8b4b95061b25e79012df2167859c7f6551c"
"steps\original\00095604_0283263d8d8f13ce1bfd782a_step_001.step","86724","5cc47fb52b9546ecbabd4f9276a64ac94af40680764ff5e44ed56e43928e951b"
"steps\original\00095863_0fdff2b55aeeabfa69ff33a2_step_000.step","145986","a6d294a1537a747411da5e64c191287dac9fc84c0a7bd4d1cf7dd4ef36094289"
"steps\original\00098452_bfab08be45c79c7628312c2f_step_000.step","72620","a304e9c7d46f780dccad3dfef174c608a2f3a3044b0d917906dc957d1b98d875"
"steps\original\00099035_5bb58c4fffe22efa72d1057b_step_000.step","161914","d7fe6e22978ee828e00cc8df09ef4e33172cd9ffbc10dccefe1e60093aaa335c"
"steps\original\00099234_56d5306be4b0a5e7b6f734b6_step_000.step","233454","3e6a81b5a68ac1f9a768594164770b2fdcf041c9dc63664a134a06493aa05f6b"
"steps\original\00099781_56d5a9a4e4b02da21ba14586_step_000.step","87668","31e8595a2d22cbdb776afcb197fdb933e69768e0f18b4d88d23e5de639097e97"
