task_id,arm,seed,epoch,train_loss,val_loss,curved_parent_mse,planar_parent_mse,edge_parent_mse,entropy_perplexity,coverage,unique_bins,lr,lr_after_scheduler,preclip_grad_norm,grad_clip_was_effective,train_batches,finite_train_batches,skipped_train_batches,val_batches,finite_val_batches,finite_val_samples,nonfinite_loss_batches,nonfinite_gradient_batches,nonfinite_state_batches,nonfinite_state_audits,nonfinite_val_batches,nonfinite_val_samples,training_state_finite,finite_state_audit_status
continuous_bypass_64d:seed3,continuous_bypass_64d,3,0,0.08669166,0.02933701,0.05965903179539895,0.0167561136021871,0.024854989094738645,,,,0.0003,0.0003,6.2978692054748535,True,469,469,0,94,94,12000,0,0,0,0,0,0,True,finite
continuous_bypass_64d:seed3,continuous_bypass_64d,3,1,0.01768626,0.01588491,0.035297785116043624,0.007908777008590506,0.011656387159966017,,,,0.0003,0.0003,1.4512861967086792,True,469,469,0,94,94,12000,0,0,0,0,0,0,True,finite
continuous_bypass_64d:seed3,continuous_bypass_64d,3,2,0.00858828,0.00618287,0.0128189716520907,0.0017766234055652003,0.0051801059140647,,,,0.0003,0.0003,1.896795392036438,True,469,469,0,94,94,12000,0,0,0,0,0,0,True,finite
continuous_bypass_64d:seed3,continuous_bypass_64d,3,3,0.00494892,0.00413045,0.009480788784958102,0.0012861992210528622,0.0028039334483458914,,,,0.0003,0.0003,0.3559555113315582,False,469,469,0,94,94,12000,0,0,0,0,0,0,True,finite
continuous_bypass_64d:seed3,continuous_bypass_64d,3,4,0.00353013,0.00312504,0.007585693130042048,0.0010279364329376154,0.0018982241489749216,,,,0.0003,0.0003,0.14720496535301208,False,469,469,0,94,94,12000,0,0,0,0,0,0,True,finite
continuous_bypass_64d:seed3,continuous_bypass_64d,3,5,0.00278677,0.00293676,0.0071543828216521855,0.0010721568196137969,0.001811317189739022,,,,0.0003,0.0003,0.13845019042491913,False,469,469,0,94,94,12000,0,0,0,0,0,0,True,finite
continuous_bypass_64d:seed3,continuous_bypass_64d,3,6,0.00242632,0.00254669,0.006136585183623005,0.0009905175183090816,0.0014913049775860953,,,,0.0003,0.0003,0.13148623704910278,False,469,469,0,94,94,12000,0,0,0,0,0,0,True,finite
continuous_bypass_64d:seed3,continuous_bypass_64d,3,7,0.00203854,0.0024415,0.005615701528815199,0.0009969772873342454,0.0014452002104939328,,,,0.0003,0.0003,0.10727571696043015,False,469,469,0,94,94,12000,0,0,0,0,0,0,True,finite
continuous_bypass_64d:seed3,continuous_bypass_64d,3,8,0.00190166,0.00205929,0.004988638866435999,0.0007697380737148969,0.0011121546469362734,,,,0.0003,0.0003,0.1403963714838028,False,469,469,0,94,94,12000,0,0,0,0,0,0,True,finite
continuous_bypass_64d:seed3,continuous_bypass_64d,3,9,0.00168141,0.00184633,0.004604378637327348,0.0006886678885037099,0.0009254096521987398,,,,0.0003,0.0003,0.09939214587211609,False,469,469,0,94,94,12000,0,0,0,0,0,0,True,finite
continuous_bypass_64d:seed3,continuous_bypass_64d,3,10,0.00159548,0.00177898,0.004221999054190927,0.0006270603372731214,0.0009568944430145446,,,,0.0003,0.0003,0.09789998829364777,False,469,469,0,94,94,12000,0,0,0,0,0,0,True,finite
continuous_bypass_64d:seed3,continuous_bypass_64d,3,11,0.0015301,0.00195917,0.004565256694446739,0.0008161086701252424,0.0011664277589569878,,,,0.0003,0.0003,0.11908106505870819,False,469,469,0,94,94,12000,0,0,0,0,0,0,True,finite
continuous_bypass_64d:seed3,continuous_bypass_64d,3,12,0.00141348,0.00178171,0.004129232503381192,0.0006962083905777191,0.0009608337040666755,,,,0.0003,0.0003,0.09814504534006119,False,469,469,0,94,94,12000,0,0,0,0,0,0,True,finite
continuous_bypass_64d:seed3,continuous_bypass_64d,3,13,0.00139754,0.00164999,0.003991568428251093,0.0006022318575716689,0.000854668760388228,,,,0.0003,0.0003,0.11087015271186829,False,469,469,0,94,94,12000,0,0,0,0,0,0,True,finite
continuous_bypass_64d:seed3,continuous_bypass_64d,3,14,0.001194,0.00163737,0.003983000674860305,0.0006675101116158307,0.0008771872201100018,,,,0.0003,0.0003,0.09276588261127472,False,469,469,0,94,94,12000,0,0,0,0,0,0,True,finite
continuous_bypass_64d:seed3,continuous_bypass_64d,3,15,0.001137,0.00152865,0.0038341459971325985,0.000560018049915175,0.0007764786002136931,,,,0.0003,0.0003,0.08985080569982529,False,469,469,0,94,94,12000,0,0,0,0,0,0,True,finite
continuous_bypass_64d:seed3,continuous_bypass_64d,3,16,0.00112541,0.00148774,0.003596925171438782,0.0005386403389146105,0.0007456383770589756,,,,0.0003,0.0003,0.13054364919662476,False,469,469,0,94,94,12000,0,0,0,0,0,0,True,finite
continuous_bypass_64d:seed3,continuous_bypass_64d,3,17,0.00097781,0.00138959,0.0032901472308827138,0.00048026109308470726,0.0007304466407405606,,,,0.0003,0.0003,0.07357356697320938,False,469,469,0,94,94,12000,0,0,0,0,0,0,True,finite
continuous_bypass_64d:seed3,continuous_bypass_64d,3,18,0.00100774,0.00148021,0.0035179475266808096,0.0005348324790754422,0.0007658700965381123,,,,0.0003,0.0003,0.08243618905544281,False,469,469,0,94,94,12000,0,0,0,0,0,0,True,finite
continuous_bypass_64d:seed3,continuous_bypass_64d,3,19,0.00103103,0.00123159,0.003080023685326372,0.0003600298011724605,0.0006087287640214849,,,,0.0003,0.0003,0.08987165987491608,False,469,469,0,94,94,12000,0,0,0,0,0,0,True,finite
continuous_bypass_64d:seed3,continuous_bypass_64d,3,20,0.00085049,0.00135682,0.0032868247316754887,0.0004362423009560094,0.0007179566453060018,,,,0.0003,0.0003,0.0793948769569397,False,469,469,0,94,94,12000,0,0,0,0,0,0,True,finite
continuous_bypass_64d:seed3,continuous_bypass_64d,3,21,0.00079615,0.00114714,0.0028013037895938966,0.00034120297596259614,0.0005638876000743935,,,,0.0003,0.0003,0.078208789229393,False,469,469,0,94,94,12000,0,0,0,0,0,0,True,finite
continuous_bypass_64d:seed3,continuous_bypass_64d,3,22,0.00082249,0.00120723,0.0028181845022844645,0.0003858217122582211,0.0006376863040344991,,,,0.0003,0.0003,0.08908378332853317,False,469,469,0,94,94,12000,0,0,0,0,0,0,True,finite
continuous_bypass_64d:seed3,continuous_bypass_64d,3,23,0.00076352,0.00107894,0.0025690747613798374,0.0002952042943606738,0.0005335041256176672,,,,0.0003,0.0003,0.06847700476646423,False,469,469,0,94,94,12000,0,0,0,0,0,0,True,finite
continuous_bypass_64d:seed3,continuous_bypass_64d,3,24,0.00075585,0.00110165,0.002690490508050321,0.00032014993539468054,0.0005651454170573396,,,,0.0003,0.0003,0.06898754090070724,False,469,469,0,94,94,12000,0,0,0,0,0,0,True,finite
continuous_bypass_64d:seed3,continuous_bypass_64d,3,25,0.00077504,0.00122978,0.0028678628861093726,0.0004188038952647088,0.0006855637622130213,,,,0.0003,0.0003,0.07779311388731003,False,469,469,0,94,94,12000,0,0,0,0,0,0,True,finite
continuous_bypass_64d:seed3,continuous_bypass_64d,3,26,0.0006608,0.00107456,0.0026153990130655756,0.0003199589526415696,0.0005249920839650368,,,,0.0003,0.0003,0.06833881884813309,False,469,469,0,94,94,12000,0,0,0,0,0,0,True,finite
continuous_bypass_64d:seed3,continuous_bypass_64d,3,27,0.00066704,0.00132627,0.002966278130359586,0.0004961956222805971,0.0007392671556420325,,,,0.0003,0.0003,0.06492498517036438,False,469,469,0,94,94,12000,0,0,0,0,0,0,True,finite
continuous_bypass_64d:seed3,continuous_bypass_64d,3,28,0.00067767,0.00105818,0.002534356075284145,0.0003443046338448248,0.0004941416115544493,,,,0.0003,0.0003,0.07344526797533035,False,469,469,0,94,94,12000,0,0,0,0,0,0,True,finite
continuous_bypass_64d:seed3,continuous_bypass_64d,3,29,0.00062381,0.00105072,0.0025291031267047756,0.00028558295046583895,0.0005374650479869498,,,,0.0003,0.0003,0.07793128490447998,False,469,469,0,94,94,12000,0,0,0,0,0,0,True,finite
continuous_bypass_64d:seed3,continuous_bypass_64d,3,30,0.0005663,0.00097413,0.00226552527812068,0.00026631406034092776,0.0005059236047044653,,,,0.0003,0.0003,0.05906036123633385,False,469,469,0,94,94,12000,0,0,0,0,0,0,True,finite
continuous_bypass_64d:seed3,continuous_bypass_64d,3,31,0.00055308,0.00093492,0.002240679179101695,0.00023588607410506782,0.0004609521764003399,,,,0.0003,0.0003,0.11285735666751862,False,469,469,0,94,94,12000,0,0,0,0,0,0,True,finite
continuous_bypass_64d:seed3,continuous_bypass_64d,3,32,0.00049731,0.00087042,0.002109651888342564,0.0002186480828764945,0.0004252813696934154,,,,0.0003,0.0003,0.05518564209342003,False,469,469,0,94,94,12000,0,0,0,0,0,0,True,finite
continuous_bypass_64d:seed3,continuous_bypass_64d,3,33,0.00054428,0.0009902,0.002225611761764581,0.0003189147282527121,0.0004942944710473336,,,,0.0003,0.0003,0.06537198275327682,False,469,469,0,94,94,12000,0,0,0,0,0,0,True,finite
continuous_bypass_64d:seed3,continuous_bypass_64d,3,34,0.00050042,0.00091429,0.0021533865371036608,0.0002512786696576385,0.0004354947201678872,,,,0.0003,0.0003,0.055923882871866226,False,469,469,0,94,94,12000,0,0,0,0,0,0,True,finite
continuous_bypass_64d:seed3,continuous_bypass_64d,3,35,0.00055903,0.00134086,0.0031972294874107686,0.0005759364157921354,0.0006817759197518517,,,,0.0003,0.0003,0.06972381472587585,False,469,469,0,94,94,12000,0,0,0,0,0,0,True,finite
continuous_bypass_64d:seed3,continuous_bypass_64d,3,36,0.00064212,0.00088814,0.0021740769951295374,0.00021814796488043052,0.0004348451059008483,,,,0.0003,0.0003,0.09795006364583969,False,469,469,0,94,94,12000,0,0,0,0,0,0,True,finite
continuous_bypass_64d:seed3,continuous_bypass_64d,3,37,0.00058176,0.00100979,0.0023658795000362546,0.0003342569635946905,0.0004834757585947657,,,,0.0003,0.0003,0.08288948982954025,False,469,469,0,94,94,12000,0,0,0,0,0,0,True,finite
continuous_bypass_64d:seed3,continuous_bypass_64d,3,38,0.00058341,0.00084981,0.0021231551085200725,0.000185793978980698,0.00038724939416865566,,,,0.0003,0.0003,0.056267354637384415,False,469,469,0,94,94,12000,0,0,0,0,0,0,True,finite
continuous_bypass_64d:seed3,continuous_bypass_64d,3,39,0.00041039,0.00085748,0.0019530799071752585,0.00023610551705346148,0.0004396398578071539,,,,0.0003,0.0003,0.05289255827665329,False,469,469,0,94,94,12000,0,0,0,0,0,0,True,finite
continuous_bypass_64d:seed3,continuous_bypass_64d,3,40,0.00041868,0.0008297,0.0019623632216400457,0.00020000307904779812,0.0004107154394308357,,,,0.0003,0.0003,0.057127706706523895,False,469,469,0,94,94,12000,0,0,0,0,0,0,True,finite
continuous_bypass_64d:seed3,continuous_bypass_64d,3,41,0.00041644,0.00075558,0.0017672416922253481,0.00017202013235055193,0.0003634064971920069,,,,0.0003,0.0003,0.043224141001701355,False,469,469,0,94,94,12000,0,0,0,0,0,0,True,finite
continuous_bypass_64d:seed3,continuous_bypass_64d,3,42,0.00039218,0.00094596,0.002308865335784755,0.0002951491854166347,0.0004915068623971296,,,,0.0003,0.0003,0.04728244990110397,False,469,469,0,94,94,12000,0,0,0,0,0,0,True,finite
continuous_bypass_64d:seed3,continuous_bypass_64d,3,43,0.00043741,0.00085959,0.0020182290442606766,0.00023062684571934137,0.00041055376141813115,,,,0.0003,0.0003,0.052788734436035156,False,469,469,0,94,94,12000,0,0,0,0,0,0,True,finite
continuous_bypass_64d:seed3,continuous_bypass_64d,3,44,0.00041262,0.00092453,0.002228255995286917,0.0003073647766459331,0.00045532905688427526,,,,0.0003,0.0003,0.044600047171115875,False,469,469,0,94,94,12000,0,0,0,0,0,0,True,finite
continuous_bypass_64d:seed3,continuous_bypass_64d,3,45,0.00054986,0.00074682,0.00180326050774977,0.00015033230968531755,0.0003405429705724309,,,,0.0003,0.0003,0.07744792103767395,False,469,469,0,94,94,12000,0,0,0,0,0,0,True,finite
continuous_bypass_64d:seed3,continuous_bypass_64d,3,46,0.00034808,0.00079331,0.001820957726419148,0.00019614754791444488,0.00042967149813655486,,,,0.0003,0.0003,0.03884001076221466,False,469,469,0,94,94,12000,0,0,0,0,0,0,True,finite
continuous_bypass_64d:seed3,continuous_bypass_64d,3,47,0.00037207,0.0007767,0.0018039966222191265,0.00017453711648003162,0.00038071068333017313,,,,0.0003,0.0003,0.04865371063351631,False,469,469,0,94,94,12000,0,0,0,0,0,0,True,finite
continuous_bypass_64d:seed3,continuous_bypass_64d,3,48,0.00034317,0.00066649,0.001506551587394629,0.00011745152702541705,0.0003160014198350761,,,,0.0003,0.0003,0.055614933371543884,False,469,469,0,94,94,12000,0,0,0,0,0,0,True,finite
continuous_bypass_64d:seed3,continuous_bypass_64d,3,49,0.00036445,0.00082617,0.0019300564200931995,0.0002057081578530031,0.0004119088819511931,,,,0.0003,0.0003,0.05264180898666382,False,469,469,0,94,94,12000,0,0,0,0,0,0,True,finite
continuous_bypass_64d:seed3,continuous_bypass_64d,3,50,0.00044381,0.00081661,0.0019571875493590045,0.0002270476272959221,0.00038166093582349083,,,,0.0003,0.0003,0.06535716354846954,False,469,469,0,94,94,12000,0,0,0,0,0,0,True,finite
continuous_bypass_64d:seed3,continuous_bypass_64d,3,51,0.00040626,0.00089794,0.002020714449315699,0.00026763142826817434,0.0004680059558508207,,,,0.0003,0.0003,0.050136975944042206,False,469,469,0,94,94,12000,0,0,0,0,0,0,True,finite
continuous_bypass_64d:seed3,continuous_bypass_64d,3,52,0.00031816,0.00068793,0.00156096023109529,0.00012206384628882172,0.00033494996046096995,,,,0.0003,0.0003,0.04771305248141289,False,469,469,0,94,94,12000,0,0,0,0,0,0,True,finite
continuous_bypass_64d:seed3,continuous_bypass_64d,3,53,0.00037465,0.00082927,0.0020837675241138272,0.0002417513318420559,0.00039513089843736584,,,,0.0003,0.0003,0.04975488409399986,False,469,469,0,94,94,12000,0,0,0,0,0,0,True,finite
continuous_bypass_64d:seed3,continuous_bypass_64d,3,54,0.00045491,0.00081245,0.0018952363648917425,0.0002032707298552665,0.0003927627775020891,,,,0.0003,0.0003,0.10916534066200256,False,469,469,0,94,94,12000,0,0,0,0,0,0,True,finite
continuous_bypass_64d:seed3,continuous_bypass_64d,3,55,0.00036101,0.00079891,0.0018509823456219002,0.00019552322321331818,0.0003723346370370461,,,,0.0003,0.0003,0.04429366812109947,False,469,469,0,94,94,12000,0,0,0,0,0,0,True,finite
continuous_bypass_64d:seed3,continuous_bypass_64d,3,56,0.00037157,0.00068211,0.0016193350692856314,0.00010983352417143704,0.00031984785164400613,,,,0.0003,0.0003,0.08542279899120331,False,469,469,0,94,94,12000,0,0,0,0,0,0,True,finite
continuous_bypass_64d:seed3,continuous_bypass_64d,3,57,0.00028292,0.00066386,0.0015086954088227686,0.00011382060569076576,0.0003184003257667983,,,,0.0003,0.00015,0.03404269739985466,False,469,469,0,94,94,12000,0,0,0,0,0,0,True,finite
continuous_bypass_64d:seed3,continuous_bypass_64d,3,58,0.00021676,0.00057315,0.0013349274548795011,6.321767261640954e-05,0.00024352551465691645,,,,0.00015,0.00015,0.03449612483382225,False,469,469,0,94,94,12000,0,0,0,0,0,0,True,finite
continuous_bypass_64d:seed3,continuous_bypass_64d,3,59,0.00016669,0.00057633,0.0013035485447679327,5.7148430842343385e-05,0.0002515219886708578,,,,0.00015,0.00015,0.01912354864180088,False,469,469,0,94,94,12000,0,0,0,0,0,0,True,finite
continuous_bypass_64d:seed3,continuous_bypass_64d,3,60,0.00016687,0.00061263,0.0014355487109064665,8.182459795567659e-05,0.00025460549106847324,,,,0.00015,0.00015,0.03189917281270027,False,469,469,0,94,94,12000,0,0,0,0,0,0,True,finite
continuous_bypass_64d:seed3,continuous_bypass_64d,3,61,0.00019344,0.00058527,0.0013085873402148627,5.8588502695737876e-05,0.0002594940747495165,,,,0.00015,0.00015,0.04476524516940117,False,469,469,0,94,94,12000,0,0,0,0,0,0,True,finite
continuous_bypass_64d:seed3,continuous_bypass_64d,3,62,0.00022779,0.00064264,0.0014764910422627561,0.00011423605783561745,0.00029609952363750133,,,,0.00015,0.00015,0.04655972495675087,False,469,469,0,94,94,12000,0,0,0,0,0,0,True,finite
continuous_bypass_64d:seed3,continuous_bypass_64d,3,63,0.00019449,0.00057447,0.001340675217898473,6.867700945591257e-05,0.0002490353182503876,,,,0.00015,0.00015,0.03596058860421181,False,469,469,0,94,94,12000,0,0,0,0,0,0,True,finite
continuous_bypass_64d:seed3,continuous_bypass_64d,3,64,0.00015256,0.00058246,0.0013582695083040192,6.0594029723106635e-05,0.00025321615309149603,,,,0.00015,0.00015,0.01796789839863777,False,469,469,0,94,94,12000,0,0,0,0,0,0,True,finite
continuous_bypass_64d:seed3,continuous_bypass_64d,3,65,0.00014604,0.00058865,0.0013501047070804734,7.507326542363388e-05,0.0002657578714726592,,,,0.00015,0.00015,0.021950995549559593,False,469,469,0,94,94,12000,0,0,0,0,0,0,True,finite
continuous_bypass_64d:seed3,continuous_bypass_64d,3,66,0.00015854,0.00055108,0.0013046173850796545,6.356907715165823e-05,0.00023666036077136816,,,,0.00015,0.00015,0.026097958907485008,False,469,469,0,94,94,12000,0,0,0,0,0,0,True,finite
continuous_bypass_64d:seed3,continuous_bypass_64d,3,67,0.00017009,0.00063591,0.0014024845641267324,9.811756337339395e-05,0.00030417182496606855,,,,0.00015,0.00015,0.030415162444114685,False,469,469,0,94,94,12000,0,0,0,0,0,0,True,finite
continuous_bypass_64d:seed3,continuous_bypass_64d,3,68,0.00017605,0.00060471,0.0013223094043587026,6.479037533232473e-05,0.0002738622289468145,,,,0.00015,7.5e-05,0.028416579589247704,False,469,469,0,94,94,12000,0,0,0,0,0,0,True,finite
continuous_bypass_64d:seed3,continuous_bypass_64d,3,69,0.00011955,0.00059205,0.0013919006554719948,4.6757681564735544e-05,0.00024577354104322874,,,,7.5e-05,7.5e-05,0.01467596460133791,False,469,469,0,94,94,12000,0,0,0,0,0,0,True,finite
continuous_bypass_64d:seed3,continuous_bypass_64d,3,70,0.00010428,0.00055915,0.0013085230048437988,4.393283340513551e-05,0.00023312019027180042,,,,7.5e-05,7.5e-05,0.013855714350938797,False,469,469,0,94,94,12000,0,0,0,0,0,0,True,finite
continuous_bypass_64d:seed3,continuous_bypass_64d,3,71,9.889e-05,0.00056049,0.0013355570045268128,4.479001564947333e-05,0.00023367573269135103,,,,7.5e-05,7.5e-05,0.011902357451617718,False,469,469,0,94,94,12000,0,0,0,0,0,0,True,finite
continuous_bypass_64d:seed3,continuous_bypass_64d,3,72,9.644e-05,0.0005479,0.001281215032638611,4.5055192090149215e-05,0.00023085967759900266,,,,7.5e-05,7.5e-05,0.01175028644502163,False,469,469,0,94,94,12000,0,0,0,0,0,0,True,finite
continuous_bypass_64d:seed3,continuous_bypass_64d,3,73,9.692e-05,0.00053836,0.0012601251102291957,4.812928985873885e-05,0.00022652899743085637,,,,7.5e-05,7.5e-05,0.010673848912119865,False,469,469,0,94,94,12000,0,0,0,0,0,0,True,finite
continuous_bypass_64d:seed3,continuous_bypass_64d,3,74,9.957e-05,0.0005415,0.0012789523209668367,4.309930145839545e-05,0.00022453283328875085,,,,7.5e-05,7.5e-05,0.01534839067608118,False,469,469,0,94,94,12000,0,0,0,0,0,0,True,finite
continuous_bypass_64d:seed3,continuous_bypass_64d,3,75,9.787e-05,0.00052112,0.0012180683906101578,4.204122435975164e-05,0.00021549532372036527,,,,7.5e-05,7.5e-05,0.013726999051868916,False,469,469,0,94,94,12000,0,0,0,0,0,0,True,finite
continuous_bypass_64d:seed3,continuous_bypass_64d,3,76,0.00011217,0.00054843,0.0012646565276769211,4.588582632301513e-05,0.00022845746773932145,,,,7.5e-05,7.5e-05,0.06255585700273514,False,469,469,0,94,94,12000,0,0,0,0,0,0,True,finite
continuous_bypass_64d:seed3,continuous_bypass_64d,3,77,0.00010231,0.00053365,0.001222804881012951,4.644495282576975e-05,0.0002235973208648312,,,,7.5e-05,7.5e-05,0.021943509578704834,False,469,469,0,94,94,12000,0,0,0,0,0,0,True,finite
continuous_bypass_64d:seed3,continuous_bypass_64d,3,78,8.918e-05,0.00053635,0.0012262100652984614,4.3997430772547745e-05,0.00022768200133313393,,,,7.5e-05,7.5e-05,0.013800264336168766,False,469,469,0,94,94,12000,0,0,0,0,0,0,True,finite
continuous_bypass_64d:seed3,continuous_bypass_64d,3,79,8.726e-05,0.00054043,0.001275175004810597,4.483754518342186e-05,0.0002217202723405001,,,,7.5e-05,7.5e-05,0.012358142994344234,False,469,469,0,94,94,12000,0,0,0,0,0,0,True,finite
continuous_bypass_64d:seed3,continuous_bypass_64d,3,80,8.747e-05,0.00053311,0.0012311486483947299,4.2767396036812156e-05,0.00022409022869802217,,,,7.5e-05,7.5e-05,0.011794520542025566,False,469,469,0,94,94,12000,0,0,0,0,0,0,True,finite
continuous_bypass_64d:seed3,continuous_bypass_64d,3,81,9.079e-05,0.00053644,0.0012402301064000673,4.145307399497464e-05,0.00022457128691902233,,,,7.5e-05,7.5e-05,0.012985656037926674,False,469,469,0,94,94,12000,0,0,0,0,0,0,True,finite
continuous_bypass_64d:seed3,continuous_bypass_64d,3,82,9.49e-05,0.00058366,0.001346149664513454,9.071159376643522e-05,0.0002558779780478771,,,,7.5e-05,7.5e-05,0.02359391190111637,False,469,469,0,94,94,12000,0,0,0,0,0,0,True,finite
continuous_bypass_64d:seed3,continuous_bypass_64d,3,83,8.849e-05,0.00052822,0.00121281376340494,4.006927663164496e-05,0.00022210493821060343,,,,7.5e-05,7.5e-05,0.016431787982583046,False,469,469,0,94,94,12000,0,0,0,0,0,0,True,finite
continuous_bypass_64d:seed3,continuous_bypass_64d,3,84,8.855e-05,0.00052068,0.0012061256410189503,4.386296669404185e-05,0.00021989382262918485,,,,7.5e-05,7.5e-05,0.01983226090669632,False,469,469,0,94,94,12000,0,0,0,0,0,0,True,finite
continuous_bypass_64d:seed3,continuous_bypass_64d,3,85,8.162e-05,0.00052444,0.0012217187443477606,3.954014259213369e-05,0.00021728992171292456,,,,7.5e-05,7.5e-05,0.013153725303709507,False,469,469,0,94,94,12000,0,0,0,0,0,0,True,finite
continuous_bypass_64d:seed3,continuous_bypass_64d,3,86,8.073e-05,0.00053969,0.0012437597130580673,4.204413493245451e-05,0.00022655482037123534,,,,7.5e-05,7.5e-05,0.012985380366444588,False,469,469,0,94,94,12000,0,0,0,0,0,0,True,finite
continuous_bypass_64d:seed3,continuous_bypass_64d,3,87,9.229e-05,0.00055492,0.001289299321871178,4.374260617742116e-05,0.0002273755818760109,,,,7.5e-05,7.5e-05,0.034432303160429,False,469,469,0,94,94,12000,0,0,0,0,0,0,True,finite
continuous_bypass_64d:seed3,continuous_bypass_64d,3,88,9.694e-05,0.00053602,0.0012550147706756431,4.357554430363819e-05,0.00022151352063523353,,,,7.5e-05,7.5e-05,0.0588640496134758,False,469,469,0,94,94,12000,0,0,0,0,0,0,True,finite
continuous_bypass_64d:seed3,continuous_bypass_64d,3,89,7.886e-05,0.000535,0.0012451410633300194,3.8375709819895845e-05,0.00022044434542965342,,,,7.5e-05,7.5e-05,0.016144800931215286,False,469,469,0,94,94,12000,0,0,0,0,0,0,True,finite
continuous_bypass_64d:seed3,continuous_bypass_64d,3,90,6.938e-05,0.00053469,0.0012367306199850378,3.916636109913343e-05,0.0002180494257788602,,,,7.5e-05,7.5e-05,0.01105450838804245,False,469,469,0,94,94,12000,0,0,0,0,0,0,True,finite
continuous_bypass_64d:seed3,continuous_bypass_64d,3,91,6.836e-05,0.0005377,0.0012474794306520439,4.4657860927762636e-05,0.0002261094249873133,,,,7.5e-05,7.5e-05,0.013211160898208618,False,469,469,0,94,94,12000,0,0,0,0,0,0,True,finite
continuous_bypass_64d:seed3,continuous_bypass_64d,3,92,6.993e-05,0.00052498,0.0012134095652858285,4.1601267996354204e-05,0.0002180791155254256,,,,7.5e-05,7.5e-05,0.012814783491194248,False,469,469,0,94,94,12000,0,0,0,0,0,0,True,finite
continuous_bypass_64d:seed3,continuous_bypass_64d,3,93,7.366e-05,0.0005287,0.0012357259197854395,4.028864118672672e-05,0.00021625105764743068,,,,7.5e-05,3.75e-05,0.014636979438364506,False,469,469,0,94,94,12000,0,0,0,0,0,0,True,finite
continuous_bypass_64d:seed3,continuous_bypass_64d,3,94,6.273e-05,0.00052205,0.0012196248755677438,3.74117572395638e-05,0.0002122428121877831,,,,3.75e-05,3.75e-05,0.012398463673889637,False,469,469,0,94,94,12000,0,0,0,0,0,0,True,finite
continuous_bypass_64d:seed3,continuous_bypass_64d,3,95,5.585e-05,0.00051719,0.0012126694147063049,3.567897034586413e-05,0.0002101957069737765,,,,3.75e-05,3.75e-05,0.007178296335041523,False,469,469,0,94,94,12000,0,0,0,0,0,0,True,finite
continuous_bypass_64d:seed3,continuous_bypass_64d,3,96,5.494e-05,0.00051374,0.0012027709419975686,3.5476296735979434e-05,0.00020763052023644733,,,,3.75e-05,3.75e-05,0.009587365202605724,False,469,469,0,94,94,12000,0,0,0,0,0,0,True,finite
continuous_bypass_64d:seed3,continuous_bypass_64d,3,97,5.402e-05,0.00051708,0.0012078042581242085,3.6370694321816166e-05,0.00020950815951866942,,,,3.75e-05,3.75e-05,0.0077756489627063274,False,469,469,0,94,94,12000,0,0,0,0,0,0,True,finite
continuous_bypass_64d:seed3,continuous_bypass_64d,3,98,5.517e-05,0.00050906,0.0011781043666996044,3.565125457171111e-05,0.00020775760946169575,,,,3.75e-05,3.75e-05,0.012031443417072296,False,469,469,0,94,94,12000,0,0,0,0,0,0,True,finite
continuous_bypass_64d:seed3,continuous_bypass_64d,3,99,5.664e-05,0.00051686,0.0012042093072902732,3.5534722216576e-05,0.00020956471383931318,,,,3.75e-05,3.75e-05,0.008579431101679802,False,469,469,0,94,94,12000,0,0,0,0,0,0,True,finite
continuous_bypass_64d:seed4,continuous_bypass_64d,4,0,0.10092372,0.03180595,0.062132904037005075,0.017558763449275646,0.027947336479314137,,,,0.0003,0.0003,4.181735038757324,True,469,469,0,94,94,12000,0,0,0,0,0,0,True,finite
continuous_bypass_64d:seed4,continuous_bypass_64d,4,1,0.01371615,0.00795625,0.015567725052702375,0.0022891812455842326,0.0074578754554242175,,,,0.0003,0.0003,0.39535996317863464,False,469,469,0,94,94,12000,0,0,0,0,0,0,True,finite
continuous_bypass_64d:seed4,continuous_bypass_64d,4,2,0.00590306,0.00472024,0.010200745075616026,0.0015250398534550295,0.0037370057484408283,,,,0.0003,0.0003,0.1620812863111496,False,469,469,0,94,94,12000,0,0,0,0,0,0,True,finite
continuous_bypass_64d:seed4,continuous_bypass_64d,4,3,0.00381652,0.00330725,0.007888049902500643,0.00101209317590609,0.0021477873940563253,,,,0.0003,0.0003,0.138920858502388,False,469,469,0,94,94,12000,0,0,0,0,0,0,True,finite
continuous_bypass_64d:seed4,continuous_bypass_64d,4,4,0.00298484,0.00292061,0.007001860887327948,0.0010235322725571172,0.0017939119023579586,,,,0.0003,0.0003,0.14146800339221954,False,469,469,0,94,94,12000,0,0,0,0,0,0,True,finite
continuous_bypass_64d:seed4,continuous_bypass_64d,4,5,0.00242561,0.00259133,0.006077687651446257,0.0009832765809475673,0.0015543361167097223,,,,0.0003,0.0003,0.11015201359987259,False,469,469,0,94,94,12000,0,0,0,0,0,0,True,finite
continuous_bypass_64d:seed4,continuous_bypass_64d,4,6,0.00213399,0.00272538,0.006015876083666949,0.001118537146492986,0.001913299621989086,,,,0.0003,0.0003,0.1375860720872879,False,469,469,0,94,94,12000,0,0,0,0,0,0,True,finite
continuous_bypass_64d:seed4,continuous_bypass_64d,4,7,0.00195865,0.00201402,0.004915194413633878,0.000691643993717915,0.0011886390575256962,,,,0.0003,0.0003,0.15195702016353607,False,469,469,0,94,94,12000,0,0,0,0,0,0,True,finite
continuous_bypass_64d:seed4,continuous_bypass_64d,4,8,0.00174124,0.00230168,0.005185068018918147,0.0009347995770907418,0.0015028409912268231,,,,0.0003,0.0003,0.10122887790203094,False,469,469,0,94,94,12000,0,0,0,0,0,0,True,finite
continuous_bypass_64d:seed4,continuous_bypass_64d,4,9,0.00167011,0.00209872,0.004601128203135229,0.0007643986002204785,0.0012660230815152783,,,,0.0003,0.0003,0.15335015952587128,False,469,469,0,94,94,12000,0,0,0,0,0,0,True,finite
continuous_bypass_64d:seed4,continuous_bypass_64d,4,10,0.00151663,0.00172239,0.003914735215560041,0.0006515941385834675,0.0009444892630272723,,,,0.0003,0.0003,0.11229275912046432,False,469,469,0,94,94,12000,0,0,0,0,0,0,True,finite
continuous_bypass_64d:seed4,continuous_bypass_64d,4,11,0.00142045,0.00162918,0.0038394730881074076,0.0005208077029037831,0.0009424293516223961,,,,0.0003,0.0003,0.0996689721941948,False,469,469,0,94,94,12000,0,0,0,0,0,0,True,finite
continuous_bypass_64d:seed4,continuous_bypass_64d,4,12,0.00132271,0.0019496,0.00408019443257192,0.0008787747549149782,0.001209535072569327,,,,0.0003,0.0003,0.08422963321208954,False,469,469,0,94,94,12000,0,0,0,0,0,0,True,finite
continuous_bypass_64d:seed4,continuous_bypass_64d,4,13,0.00133934,0.00162963,0.003650102866414894,0.000591934250314392,0.0009418675572798328,,,,0.0003,0.0003,0.09832923114299774,False,469,469,0,94,94,12000,0,0,0,0,0,0,True,finite
continuous_bypass_64d:seed4,continuous_bypass_64d,4,14,0.00110843,0.00160718,0.0033559822758257043,0.0006498620328615313,0.0009836025463969469,,,,0.0003,0.0003,0.08315784484148026,False,469,469,0,94,94,12000,0,0,0,0,0,0,True,finite
continuous_bypass_64d:seed4,continuous_bypass_64d,4,15,0.00112305,0.00151473,0.003193027060719792,0.0005251762309410328,0.0009634702231291748,,,,0.0003,0.0003,0.08739231526851654,False,469,469,0,94,94,12000,0,0,0,0,0,0,True,finite
continuous_bypass_64d:seed4,continuous_bypass_64d,4,16,0.0010453,0.00153422,0.003387356906675454,0.0004734739765669212,0.00091158650877305,,,,0.0003,0.0003,0.08819635957479477,False,469,469,0,94,94,12000,0,0,0,0,0,0,True,finite
continuous_bypass_64d:seed4,continuous_bypass_64d,4,17,0.00098281,0.0014304,0.0029869350031673397,0.0005945354694059319,0.0008622475587239111,,,,0.0003,0.0003,0.07808398455381393,False,469,469,0,94,94,12000,0,0,0,0,0,0,True,finite
continuous_bypass_64d:seed4,continuous_bypass_64d,4,18,0.00090277,0.00115419,0.0026082889539179983,0.0003199377141251158,0.0006192777010897065,,,,0.0003,0.0003,0.09592373669147491,False,469,469,0,94,94,12000,0,0,0,0,0,0,True,finite
continuous_bypass_64d:seed4,continuous_bypass_64d,4,19,0.00083357,0.00119971,0.002539246459992462,0.0003930484689565424,0.0006993959274782727,,,,0.0003,0.0003,0.06734968721866608,False,469,469,0,94,94,12000,0,0,0,0,0,0,True,finite
continuous_bypass_64d:seed4,continuous_bypass_64d,4,20,0.00081681,0.00128684,0.0027527430718130436,0.0004528707655714168,0.0007917083578873606,,,,0.0003,0.0003,0.0920974388718605,False,469,469,0,94,94,12000,0,0,0,0,0,0,True,finite
continuous_bypass_64d:seed4,continuous_bypass_64d,4,21,0.0008088,0.00133145,0.0029598834057503152,0.0005410358803220718,0.0007369484947774841,,,,0.0003,0.0003,0.07314306497573853,False,469,469,0,94,94,12000,0,0,0,0,0,0,True,finite
continuous_bypass_64d:seed4,continuous_bypass_64d,4,22,0.00075893,0.00107429,0.0023303552477709883,0.00029872476028890756,0.000592059660338883,,,,0.0003,0.0003,0.07816172391176224,False,469,469,0,94,94,12000,0,0,0,0,0,0,True,finite
continuous_bypass_64d:seed4,continuous_bypass_64d,4,23,0.0007053,0.00102259,0.0022534305694763648,0.00026976218728816826,0.0005666751741266891,,,,0.0003,0.0003,0.06479506939649582,False,469,469,0,94,94,12000,0,0,0,0,0,0,True,finite
continuous_bypass_64d:seed4,continuous_bypass_64d,4,24,0.00067501,0.00106433,0.002163555727458926,0.0003509269335481128,0.0006404521124579243,,,,0.0003,0.0003,0.06410854309797287,False,469,469,0,94,94,12000,0,0,0,0,0,0,True,finite
continuous_bypass_64d:seed4,continuous_bypass_64d,4,25,0.00062826,0.00120083,0.002601807948237852,0.0003493379684581005,0.0007246411160050588,,,,0.0003,0.0003,0.05615311488509178,False,469,469,0,94,94,12000,0,0,0,0,0,0,True,finite
continuous_bypass_64d:seed4,continuous_bypass_64d,4,26,0.00068772,0.00096481,0.0020025887108116665,0.0002611153982017302,0.0005418765319155115,,,,0.0003,0.0003,0.10930082201957703,False,469,469,0,94,94,12000,0,0,0,0,0,0,True,finite
continuous_bypass_64d:seed4,continuous_bypass_64d,4,27,0.00061849,0.001168,0.002523328285664226,0.00042742600851133076,0.0006559672042329837,,,,0.0003,0.0003,0.06466922163963318,False,469,469,0,94,94,12000,0,0,0,0,0,0,True,finite
continuous_bypass_64d:seed4,continuous_bypass_64d,4,28,0.00063507,0.00085443,0.0018359438611697727,0.00023997162246711034,0.00043673263326669126,,,,0.0003,0.0003,0.06635888665914536,False,469,469,0,94,94,12000,0,0,0,0,0,0,True,finite
continuous_bypass_64d:seed4,continuous_bypass_64d,4,29,0.00052071,0.00090067,0.0019770423115662017,0.000264155402619795,0.0004843953797582891,,,,0.0003,0.0003,0.055441223084926605,False,469,469,0,94,94,12000,0,0,0,0,0,0,True,finite
continuous_bypass_64d:seed4,continuous_bypass_64d,4,30,0.0005486,0.00092107,0.0020146162667479856,0.00022277944747385383,0.0005212406815235765,,,,0.0003,0.0003,0.05829203873872757,False,469,469,0,94,94,12000,0,0,0,0,0,0,True,finite
continuous_bypass_64d:seed4,continuous_bypass_64d,4,31,0.00058182,0.00099075,0.0020384944006810106,0.0003095411583956855,0.0005752626512239251,,,,0.0003,0.0003,0.10730229318141937,False,469,469,0,94,94,12000,0,0,0,0,0,0,True,finite
continuous_bypass_64d:seed4,continuous_bypass_64d,4,32,0.00059332,0.00115831,0.0023309090795968672,0.00047740960158915494,0.0006792540806480898,,,,0.0003,0.0003,0.07165317237377167,False,469,469,0,94,94,12000,0,0,0,0,0,0,True,finite
continuous_bypass_64d:seed4,continuous_bypass_64d,4,33,0.00063029,0.00096732,0.002082678173116303,0.0002692405589713339,0.000527510189707624,,,,0.0003,0.0003,0.06359801441431046,False,469,469,0,94,94,12000,0,0,0,0,0,0,True,finite
continuous_bypass_64d:seed4,continuous_bypass_64d,4,34,0.00053797,0.0008223,0.0017534356796891776,0.00017419974100301347,0.0004418490265006452,,,,0.0003,0.0003,0.08299175649881363,False,469,469,0,94,94,12000,0,0,0,0,0,0,True,finite
continuous_bypass_64d:seed4,continuous_bypass_64d,4,35,0.00045406,0.00080915,0.0017557231134441415,0.00018649479577066263,0.00043142532621238977,,,,0.0003,0.0003,0.0558590330183506,False,469,469,0,94,94,12000,0,0,0,0,0,0,True,finite
continuous_bypass_64d:seed4,continuous_bypass_64d,4,36,0.0004859,0.00076146,0.0017798619873833695,0.00016180242491094376,0.00038793866877184015,,,,0.0003,0.0003,0.06866626441478729,False,469,469,0,94,94,12000,0,0,0,0,0,0,True,finite
continuous_bypass_64d:seed4,continuous_bypass_64d,4,37,0.00042144,0.00085932,0.0017947850681567755,0.00023803436251362012,0.0005021377550151001,,,,0.0003,0.0003,0.05594608560204506,False,469,469,0,94,94,12000,0,0,0,0,0,0,True,finite
continuous_bypass_64d:seed4,continuous_bypass_64d,4,38,0.00044015,0.00079135,0.0017041816369934017,0.00016872378070162473,0.00042617436612685667,,,,0.0003,0.0003,0.052979473024606705,False,469,469,0,94,94,12000,0,0,0,0,0,0,True,finite
continuous_bypass_64d:seed4,continuous_bypass_64d,4,39,0.00043234,0.00092253,0.001985512585560205,0.0002640268734628255,0.0005314039139245573,,,,0.0003,0.0003,0.051498983055353165,False,469,469,0,94,94,12000,0,0,0,0,0,0,True,finite
continuous_bypass_64d:seed4,continuous_bypass_64d,4,40,0.00046571,0.00113082,0.002315385098548724,0.00040495331911463505,0.0006882252564135022,,,,0.0003,0.0003,0.06559044122695923,False,469,469,0,94,94,12000,0,0,0,0,0,0,True,finite
continuous_bypass_64d:seed4,continuous_bypass_64d,4,41,0.00041951,0.00088108,0.0019720427960326576,0.00022268315399373142,0.00047710541212308617,,,,0.0003,0.0003,0.06002173200249672,False,469,469,0,94,94,12000,0,0,0,0,0,0,True,finite
continuous_bypass_64d:seed4,continuous_bypass_64d,4,42,0.00048092,0.00076431,0.0016707509504886929,0.00016385817344294101,0.0004207679795996798,,,,0.0003,0.0003,0.10790923982858658,False,469,469,0,94,94,12000,0,0,0,0,0,0,True,finite
continuous_bypass_64d:seed4,continuous_bypass_64d,4,43,0.00037609,0.00079752,0.0016866439274248687,0.00022664958524120206,0.00042181589532832984,,,,0.0003,0.0003,0.04730610549449921,False,469,469,0,94,94,12000,0,0,0,0,0,0,True,finite
continuous_bypass_64d:seed4,continuous_bypass_64d,4,44,0.00044411,0.00079578,0.001774423902092804,0.00022420994756884474,0.00043188590847280736,,,,0.0003,0.0003,0.05713362246751785,False,469,469,0,94,94,12000,0,0,0,0,0,0,True,finite
continuous_bypass_64d:seed4,continuous_bypass_64d,4,45,0.00044333,0.00084057,0.0019007459025434886,0.0002448480677484388,0.0004300806363001518,,,,0.0003,0.0003,0.05147368088364601,False,469,469,0,94,94,12000,0,0,0,0,0,0,True,finite
continuous_bypass_64d:seed4,continuous_bypass_64d,4,46,0.00039738,0.00081685,0.001793008454171301,0.0002256044342056082,0.0004374919099758525,,,,0.0003,0.0003,0.051673680543899536,False,469,469,0,94,94,12000,0,0,0,0,0,0,True,finite
continuous_bypass_64d:seed4,continuous_bypass_64d,4,47,0.00041207,0.00077277,0.0017149835938385012,0.00017447568316282218,0.0004064794164838249,,,,0.0003,0.0003,0.05986233800649643,False,469,469,0,94,94,12000,0,0,0,0,0,0,True,finite
continuous_bypass_64d:seed4,continuous_bypass_64d,4,48,0.00032599,0.00067342,0.0014499149448801143,0.00012893096722590717,0.0003534890961355573,,,,0.0003,0.0003,0.050594624131917953,False,469,469,0,94,94,12000,0,0,0,0,0,0,True,finite
continuous_bypass_64d:seed4,continuous_bypass_64d,4,49,0.00037416,0.00072538,0.0015214281624225576,0.000166060764640552,0.0003986473718615627,,,,0.0003,0.0003,0.11099766939878464,False,469,469,0,94,94,12000,0,0,0,0,0,0,True,finite
continuous_bypass_64d:seed4,continuous_bypass_64d,4,50,0.00053137,0.00075472,0.0016128181369694566,0.00017568059934175542,0.0004134602171623357,,,,0.0003,0.0003,0.07336810976266861,False,469,469,0,94,94,12000,0,0,0,0,0,0,True,finite
continuous_bypass_64d:seed4,continuous_bypass_64d,4,51,0.00037912,0.00071232,0.0015557391604790344,0.00015950704857965313,0.000373028762880895,,,,0.0003,0.0003,0.05664418265223503,False,469,469,0,94,94,12000,0,0,0,0,0,0,True,finite
continuous_bypass_64d:seed4,continuous_bypass_64d,4,52,0.00036706,0.00080733,0.0017644400294179326,0.0001953777394418602,0.00045060120730917494,,,,0.0003,0.0003,0.08442508429288864,False,469,469,0,94,94,12000,0,0,0,0,0,0,True,finite
continuous_bypass_64d:seed4,continuous_bypass_64d,4,53,0.00040125,0.00094355,0.0018708586415788903,0.00027031358635204943,0.000576863150451551,,,,0.0003,0.0003,0.05711674317717552,False,469,469,0,94,94,12000,0,0,0,0,0,0,True,finite
continuous_bypass_64d:seed4,continuous_bypass_64d,4,54,0.00037913,0.00071934,0.001487430532785382,0.00012843915512842263,0.0003806050804325201,,,,0.0003,0.0003,0.05390418693423271,False,469,469,0,94,94,12000,0,0,0,0,0,0,True,finite
continuous_bypass_64d:seed4,continuous_bypass_64d,4,55,0.00032899,0.00075591,0.0015556620104009713,0.0001956449837876857,0.0004300066973011945,,,,0.0003,0.0003,0.042962696403265,False,469,469,0,94,94,12000,0,0,0,0,0,0,True,finite
continuous_bypass_64d:seed4,continuous_bypass_64d,4,56,0.00032128,0.00067784,0.001425176817111596,0.00013175848288406183,0.0003596159683321412,,,,0.0003,0.0003,0.050991274416446686,False,469,469,0,94,94,12000,0,0,0,0,0,0,True,finite
continuous_bypass_64d:seed4,continuous_bypass_64d,4,57,0.00031734,0.00069296,0.0014323223251616164,0.0001530280257730117,0.0003716331744536326,,,,0.0003,0.0003,0.04158664494752884,False,469,469,0,94,94,12000,0,0,0,0,0,0,True,finite
continuous_bypass_64d:seed4,continuous_bypass_64d,4,58,0.00028968,0.00063812,0.001336493028517008,0.00010977027552945408,0.0003349992462041572,,,,0.0003,0.0003,0.04169110208749771,False,469,469,0,94,94,12000,0,0,0,0,0,0,True,finite
continuous_bypass_64d:seed4,continuous_bypass_64d,4,59,0.00031437,0.00074633,0.0015862107052135122,0.00019622848551509515,0.00040398514863471303,,,,0.0003,0.0003,0.049484871327877045,False,469,469,0,94,94,12000,0,0,0,0,0,0,True,finite
continuous_bypass_64d:seed4,continuous_bypass_64d,4,60,0.00029008,0.00063649,0.001362113544969948,0.00010776683016187597,0.00032902027900477557,,,,0.0003,0.0003,0.048240650445222855,False,469,469,0,94,94,12000,0,0,0,0,0,0,True,finite
continuous_bypass_64d:seed4,continuous_bypass_64d,4,61,0.00033687,0.00061184,0.001298500966823955,9.717396716906359e-05,0.00029726576988391693,,,,0.0003,0.0003,0.04650654271245003,False,469,469,0,94,94,12000,0,0,0,0,0,0,True,finite
continuous_bypass_64d:seed4,continuous_bypass_64d,4,62,0.00029674,0.00148496,0.0029179406093314693,0.000688052386528405,0.0010543724075107012,,,,0.0003,0.0003,0.0978902280330658,False,469,469,0,94,94,12000,0,0,0,0,0,0,True,finite
continuous_bypass_64d:seed4,continuous_bypass_64d,4,63,0.00035578,0.00073075,0.0016038038693864775,0.00013975969595708478,0.00037257121955345016,,,,0.0003,0.0003,0.09807881712913513,False,469,469,0,94,94,12000,0,0,0,0,0,0,True,finite
continuous_bypass_64d:seed4,continuous_bypass_64d,4,64,0.00030568,0.0009851,0.002000945914325959,0.0003650827193138211,0.0006496546305963645,,,,0.0003,0.0003,0.08605697005987167,False,469,469,0,94,94,12000,0,0,0,0,0,0,True,finite
continuous_bypass_64d:seed4,continuous_bypass_64d,4,65,0.00031818,0.00080396,0.0017317572470107927,0.00020889857965699377,0.0004376305407508237,,,,0.0003,0.0003,0.05568955838680267,False,469,469,0,94,94,12000,0,0,0,0,0,0,True,finite
continuous_bypass_64d:seed4,continuous_bypass_64d,4,66,0.00036808,0.00069933,0.0015092711636188626,0.00013586870732088235,0.0003647239781309028,,,,0.0003,0.0003,0.09827341884374619,False,469,469,0,94,94,12000,0,0,0,0,0,0,True,finite
continuous_bypass_64d:seed4,continuous_bypass_64d,4,67,0.00037164,0.00079621,0.0016877713108204254,0.0001866134660951845,0.00042198249421064403,,,,0.0003,0.0003,0.06778109818696976,False,469,469,0,94,94,12000,0,0,0,0,0,0,True,finite
continuous_bypass_64d:seed4,continuous_bypass_64d,4,68,0.00026983,0.00061964,0.001305279022809686,8.497499460029079e-05,0.0003021039799742282,,,,0.0003,0.0003,0.0344700813293457,False,469,469,0,94,94,12000,0,0,0,0,0,0,True,finite
continuous_bypass_64d:seed4,continuous_bypass_64d,4,69,0.00022194,0.00061168,0.0012927038852944513,0.00010172218015639047,0.00030127956889470814,,,,0.0003,0.0003,0.032500140368938446,False,469,469,0,94,94,12000,0,0,0,0,0,0,True,finite
continuous_bypass_64d:seed4,continuous_bypass_64d,4,70,0.00025191,0.00073368,0.0015764862008985547,0.00019462493561090888,0.0003848306348315432,,,,0.0003,0.00015,0.03848506510257721,False,469,469,0,94,94,12000,0,0,0,0,0,0,True,finite
continuous_bypass_64d:seed4,continuous_bypass_64d,4,71,0.00018175,0.00055372,0.0011996401929830179,5.74936861307902e-05,0.0002555338559652963,,,,0.00015,0.00015,0.032705001533031464,False,469,469,0,94,94,12000,0,0,0,0,0,0,True,finite
continuous_bypass_64d:seed4,continuous_bypass_64d,4,72,0.00014397,0.00057534,0.0012136518267998806,6.125241042122515e-05,0.00026566597816516085,,,,0.00015,0.00015,0.02540246583521366,False,469,469,0,94,94,12000,0,0,0,0,0,0,True,finite
continuous_bypass_64d:seed4,continuous_bypass_64d,4,73,0.00015085,0.0005426,0.0011314035412036394,5.725053276880182e-05,0.0002578878713905181,,,,0.00015,0.00015,0.030382702127099037,False,469,469,0,94,94,12000,0,0,0,0,0,0,True,finite
continuous_bypass_64d:seed4,continuous_bypass_64d,4,74,0.00016325,0.00062398,0.0012851079371862166,0.00010379013721905152,0.0003248867592853727,,,,0.00015,0.00015,0.03596938028931618,False,469,469,0,94,94,12000,0,0,0,0,0,0,True,finite
continuous_bypass_64d:seed4,continuous_bypass_64d,4,75,0.00017245,0.000539,0.001145437554327494,5.048192311241429e-05,0.0002500250752617826,,,,0.00015,0.00015,0.036720581352710724,False,469,469,0,94,94,12000,0,0,0,0,0,0,True,finite
continuous_bypass_64d:seed4,continuous_bypass_64d,4,76,0.00013199,0.00053963,0.0011549786939639261,4.872230023621424e-05,0.0002462901875950122,,,,0.00015,0.00015,0.017798764631152153,False,469,469,0,94,94,12000,0,0,0,0,0,0,True,finite
continuous_bypass_64d:seed4,continuous_bypass_64d,4,77,0.00012735,0.00054147,0.0011427541794380494,5.353872084645756e-05,0.00025225797270005807,,,,0.00015,0.00015,0.019319532439112663,False,469,469,0,94,94,12000,0,0,0,0,0,0,True,finite
continuous_bypass_64d:seed4,continuous_bypass_64d,4,78,0.00012684,0.0005478,0.0011489933984358187,6.099262806250331e-05,0.0002610611336480518,,,,0.00015,0.00015,0.01973573863506317,False,469,469,0,94,94,12000,0,0,0,0,0,0,True,finite
continuous_bypass_64d:seed4,continuous_bypass_64d,4,79,0.00012465,0.00054166,0.0011496015351987756,5.3179621990810155e-05,0.0002496778078445734,,,,0.00015,0.00015,0.023331157863140106,False,469,469,0,94,94,12000,0,0,0,0,0,0,True,finite
continuous_bypass_64d:seed4,continuous_bypass_64d,4,80,0.00015045,0.00055797,0.0011954705794989095,6.565400626635898e-05,0.0002610671825654257,,,,0.00015,0.00015,0.0427696667611599,False,469,469,0,94,94,12000,0,0,0,0,0,0,True,finite
continuous_bypass_64d:seed4,continuous_bypass_64d,4,81,0.00014225,0.00054716,0.0011704922924485061,5.599762846387264e-05,0.000251717591470608,,,,0.00015,0.00015,0.02629399299621582,False,469,469,0,94,94,12000,0,0,0,0,0,0,True,finite
continuous_bypass_64d:seed4,continuous_bypass_64d,4,82,0.00012202,0.00054487,0.0011540330366197984,5.612850111782603e-05,0.00025153418245838345,,,,0.00015,7.5e-05,0.0250188410282135,False,469,469,0,94,94,12000,0,0,0,0,0,0,True,finite
continuous_bypass_64d:seed4,continuous_bypass_64d,4,83,9.818e-05,0.00053105,0.0011302140401661261,4.2825852709597706e-05,0.00023611327308470194,,,,7.5e-05,7.5e-05,0.027199160307645798,False,469,469,0,94,94,12000,0,0,0,0,0,0,True,finite
continuous_bypass_64d:seed4,continuous_bypass_64d,4,84,8.605e-05,0.00052318,0.0011206174017266606,4.032229489579002e-05,0.00023196112122806763,,,,7.5e-05,7.5e-05,0.010365121066570282,False,469,469,0,94,94,12000,0,0,0,0,0,0,True,finite
continuous_bypass_64d:seed4,continuous_bypass_64d,4,85,8.331e-05,0.00054534,0.0011485841821583717,4.522359024128566e-05,0.00024442474160483367,,,,7.5e-05,7.5e-05,0.012274956330657005,False,469,469,0,94,94,12000,0,0,0,0,0,0,True,finite
continuous_bypass_64d:seed4,continuous_bypass_64d,4,86,8.59e-05,0.00052166,0.0011066472734664746,4.5151654634482e-05,0.00023499887139793375,,,,7.5e-05,7.5e-05,0.013733550906181335,False,469,469,0,94,94,12000,0,0,0,0,0,0,True,finite
continuous_bypass_64d:seed4,continuous_bypass_64d,4,87,8.654e-05,0.00052333,0.0011049861504136731,4.378045150584745e-05,0.00023781426639020968,,,,7.5e-05,7.5e-05,0.019159475341439247,False,469,469,0,94,94,12000,0,0,0,0,0,0,True,finite
continuous_bypass_64d:seed4,continuous_bypass_64d,4,88,9.551e-05,0.00055627,0.0011962258385477174,8.285778705991001e-05,0.0002578832213567162,,,,7.5e-05,7.5e-05,0.036082036793231964,False,469,469,0,94,94,12000,0,0,0,0,0,0,True,finite
continuous_bypass_64d:seed4,continuous_bypass_64d,4,89,0.00010327,0.00055096,0.0012220049827985752,6.16867357845971e-05,0.0002496489511835264,,,,7.5e-05,7.5e-05,0.0746559202671051,False,469,469,0,94,94,12000,0,0,0,0,0,0,True,finite
continuous_bypass_64d:seed4,continuous_bypass_64d,4,90,9.249e-05,0.00051403,0.0010966046989631737,4.177685332906495e-05,0.00022888527017314518,,,,7.5e-05,7.5e-05,0.018631353974342346,False,469,469,0,94,94,12000,0,0,0,0,0,0,True,finite
continuous_bypass_64d:seed4,continuous_bypass_64d,4,91,7.681e-05,0.00052096,0.0011056695550372053,4.14707137727261e-05,0.0002316466954440943,,,,7.5e-05,7.5e-05,0.01048375479876995,False,469,469,0,94,94,12000,0,0,0,0,0,0,True,finite
continuous_bypass_64d:seed4,continuous_bypass_64d,4,92,8.076e-05,0.00051063,0.00109035969171932,4.1203123497032186e-05,0.00022728950939119886,,,,7.5e-05,7.5e-05,0.0165533646941185,False,469,469,0,94,94,12000,0,0,0,0,0,0,True,finite
continuous_bypass_64d:seed4,continuous_bypass_64d,4,93,8.519e-05,0.0005121,0.001087045907421202,4.124306969117109e-05,0.000228658290482603,,,,7.5e-05,7.5e-05,0.02179400622844696,False,469,469,0,94,94,12000,0,0,0,0,0,0,True,finite
continuous_bypass_64d:seed4,continuous_bypass_64d,4,94,8.281e-05,0.00050737,0.0010774363498687947,4.0735507318774875e-05,0.00022644339319522093,,,,7.5e-05,7.5e-05,0.026297204196453094,False,469,469,0,94,94,12000,0,0,0,0,0,0,True,finite
continuous_bypass_64d:seed4,continuous_bypass_64d,4,95,9.859e-05,0.0005169,0.0010966077366635428,4.478822976363563e-05,0.00022956076371623643,,,,7.5e-05,7.5e-05,0.08665910363197327,False,469,469,0,94,94,12000,0,0,0,0,0,0,True,finite
continuous_bypass_64d:seed4,continuous_bypass_64d,4,96,7.312e-05,0.00050326,0.0010659431400921687,3.850209516057132e-05,0.00022381725950220536,,,,7.5e-05,7.5e-05,0.01237652450799942,False,469,469,0,94,94,12000,0,0,0,0,0,0,True,finite
continuous_bypass_64d:seed4,continuous_bypass_64d,4,97,6.922e-05,0.00050517,0.001078214122753189,3.9641688088548205e-05,0.00022285633559164026,,,,7.5e-05,7.5e-05,0.012274039909243584,False,469,469,0,94,94,12000,0,0,0,0,0,0,True,finite
continuous_bypass_64d:seed4,continuous_bypass_64d,4,98,6.802e-05,0.00050645,0.001073977308396066,3.896324554743148e-05,0.00022413500753819151,,,,7.5e-05,7.5e-05,0.012144004926085472,False,469,469,0,94,94,12000,0,0,0,0,0,0,True,finite
continuous_bypass_64d:seed4,continuous_bypass_64d,4,99,6.725e-05,0.000505,0.0010707604990531309,3.906206625651075e-05,0.0002230307883744702,,,,7.5e-05,7.5e-05,0.012365340255200863,False,469,469,0,94,94,12000,0,0,0,0,0,0,True,finite
vq_4096_64d_random:seed3,vq_4096_64d_random,3,0,0.28953581,0.05732634,0.09907033619776033,0.04617989118221723,0.04782019008291041,158.60096747705563,0.152587890625,625,0.0003,0.0003,10200487.0,True,469,469,0,94,94,12000,0,0,0,0,0,0,True,finite
vq_4096_64d_random:seed3,vq_4096_64d_random,3,1,0.05198682,0.03374926,0.06566703035008692,0.015443716696392225,0.03109398276726606,349.4595729636204,0.344482421875,1411,0.0003,0.0003,38.26643371582031,True,469,469,0,94,94,12000,0,0,0,0,0,0,True,finite
vq_4096_64d_random:seed3,vq_4096_64d_random,3,2,0.03518735,0.0229414,0.048719360517743976,0.00929448538241874,0.01896372880399874,508.6617291480937,0.4609375,1888,0.0003,0.0003,1.8759533166885376,True,469,469,0,94,94,12000,0,0,0,0,0,0,True,finite
vq_4096_64d_random:seed3,vq_4096_64d_random,3,3,0.02676233,0.01993694,0.03939632839105887,0.007916037337895952,0.017944721240075814,656.3961667881002,0.568359375,2328,0.0003,0.0003,2.2018144130706787,True,469,469,0,94,94,12000,0,0,0,0,0,0,True,finite
vq_4096_64d_random:seed3,vq_4096_64d_random,3,4,0.02327312,0.01452876,0.029942924464462544,0.005274456159239157,0.011857651796396198,755.4573418189252,0.647216796875,2651,0.0003,0.0003,2.1275298595428467,True,469,469,0,94,94,12000,0,0,0,0,0,0,True,finite
vq_4096_64d_random:seed3,vq_4096_64d_random,3,5,0.01907596,0.01065764,0.022024107010733103,0.004228590218031395,0.008202246895781267,801.2055204597016,0.67626953125,2770,0.0003,0.0003,1.3002698421478271,True,469,469,0,94,94,12000,0,0,0,0,0,0,True,finite
vq_4096_64d_random:seed3,vq_4096_64d_random,3,6,0.01593631,0.01021932,0.02140937038673058,0.004164547262989321,0.007546281886104109,855.9304206756661,0.710205078125,2909,0.0003,0.0003,0.503580629825592,False,469,469,0,94,94,12000,0,0,0,0,0,0,True,finite
vq_4096_64d_random:seed3,vq_4096_64d_random,3,7,0.01415895,0.00762254,0.016271024446087697,0.003054398117565952,0.005427107324302116,883.6179951841956,0.723876953125,2965,0.0003,0.0003,1.5739747285842896,True,469,469,0,94,94,12000,0,0,0,0,0,0,True,finite
vq_4096_64d_random:seed3,vq_4096_64d_random,3,8,0.01208638,0.00683161,0.015236439235831995,0.0032824399223350446,0.004457181899971533,944.7804347520203,0.76708984375,3142,0.0003,0.0003,0.7590528130531311,False,469,469,0,94,94,12000,0,0,0,0,0,0,True,finite
vq_4096_64d_random:seed3,vq_4096_64d_random,3,9,0.01102966,0.00562918,0.012798883062814539,0.002110243659176154,0.0037547931485617278,967.429821468694,0.775390625,3176,0.0003,0.0003,0.783092200756073,False,469,469,0,94,94,12000,0,0,0,0,0,0,True,finite
vq_4096_64d_random:seed3,vq_4096_64d_random,3,10,0.00881508,0.00583355,0.013028071685763542,0.002492167407952307,0.0038475735410240597,1025.2824323243028,0.799560546875,3275,0.0003,0.0003,0.20830979943275452,False,469,469,0,94,94,12000,0,0,0,0,0,0,True,finite
vq_4096_64d_random:seed3,vq_4096_64d_random,3,11,0.00844513,0.00470533,0.01128790245492535,0.0019310123017043032,0.0026708625391589167,1070.3912771009166,0.817138671875,3347,0.0003,0.0003,0.20516301691532135,False,469,469,0,94,94,12000,0,0,0,0,0,0,True,finite
vq_4096_64d_random:seed3,vq_4096_64d_random,3,12,0.00993783,0.00479095,0.01147634913313068,0.002064464990036266,0.0027242866701846892,1059.8890170046996,0.80615234375,3302,0.0003,0.0003,0.7017545700073242,False,469,469,0,94,94,12000,0,0,0,0,0,0,True,finite
vq_4096_64d_random:seed3,vq_4096_64d_random,3,13,0.00722666,0.00418584,0.009836392912849407,0.0018772571108960205,0.002335296856050674,1119.3386620771016,0.82763671875,3390,0.0003,0.0003,0.15412060916423798,False,469,469,0,94,94,12000,0,0,0,0,0,0,True,finite
vq_4096_64d_random:seed3,vq_4096_64d_random,3,14,0.00679708,0.00669372,0.014137230286956739,0.0035300258534063217,0.00430532099828995,1111.0701227530544,0.824462890625,3377,0.0003,0.0003,0.2485920488834381,False,469,469,0,94,94,12000,0,0,0,0,0,0,True,finite
vq_4096_64d_random:seed3,vq_4096_64d_random,3,15,0.00646846,0.00377047,0.008939535359927052,0.0015403802331908321,0.002027820867000879,1222.0866446961534,0.864013671875,3539,0.0003,0.0003,0.14206144213676453,False,469,469,0,94,94,12000,0,0,0,0,0,0,True,finite
vq_4096_64d_random:seed3,vq_4096_64d_random,3,16,0.00644872,0.00347064,0.008418872219489762,0.0013267576771534323,0.0018470394877255591,1248.9360692866524,0.8720703125,3572,0.0003,0.0003,0.3157513439655304,False,469,469,0,94,94,12000,0,0,0,0,0,0,True,finite
vq_4096_64d_random:seed3,vq_4096_64d_random,3,17,0.00563544,0.00336634,0.00804336224254152,0.0013447741115834948,0.0018715762503207522,1296.1926122872803,0.8857421875,3628,0.0003,0.0003,0.1356257200241089,False,469,469,0,94,94,12000,0,0,0,0,0,0,True,finite
vq_4096_64d_random:seed3,vq_4096_64d_random,3,18,0.00513013,0.00330347,0.007884885489896543,0.0013626184474448252,0.001762830836652063,1326.7559851170029,0.893798828125,3661,0.0003,0.0003,0.12099281698465347,False,469,469,0,94,94,12000,0,0,0,0,0,0,True,finite
vq_4096_64d_random:seed3,vq_4096_64d_random,3,19,0.00500719,0.003035,0.007263000467274891,0.001217396348378483,0.0015687711886991638,1370.7337302450276,0.90234375,3696,0.0003,0.0003,0.11641205102205276,False,469,469,0,94,94,12000,0,0,0,0,0,0,True,finite
vq_4096_64d_random:seed3,vq_4096_64d_random,3,20,0.00484381,0.00365661,0.00837007214322053,0.0016167215238283013,0.0020406359418541735,1337.1261861654964,0.89892578125,3682,0.0003,0.0003,0.09590401500463486,False,469,469,0,94,94,12000,0,0,0,0,0,0,True,finite
vq_4096_64d_random:seed3,vq_4096_64d_random,3,21,0.00462298,0.00291965,0.006712518973450563,0.0012879210787692511,0.001567882552062472,1419.711354783613,0.923583984375,3783,0.0003,0.0003,0.10217422991991043,False,469,469,0,94,94,12000,0,0,0,0,0,0,True,finite
vq_4096_64d_random:seed3,vq_4096_64d_random,3,22,0.00447615,0.00344716,0.007544450126921276,0.0016179964991980221,0.0020125839128083928,1408.789440282193,0.917724609375,3759,0.0003,0.0003,0.1116144061088562,False,469,469,0,94,94,12000,0,0,0,0,0,0,True,finite
vq_4096_64d_random:seed3,vq_4096_64d_random,3,23,0.00445235,0.00288848,0.006901642930440092,0.0012668117124198573,0.001542138896926908,1446.9168878106493,0.932373046875,3819,0.0003,0.0003,0.10725137591362,False,469,469,0,94,94,12000,0,0,0,0,0,0,True,finite
vq_4096_64d_random:seed3,vq_4096_64d_random,3,24,0.00414364,0.00260037,0.006005866808207584,0.0010258313050585843,0.0014206225132490555,1464.16240897416,0.936279296875,3835,0.0003,0.0003,0.098255455493927,False,469,469,0,94,94,12000,0,0,0,0,0,0,True,finite
vq_4096_64d_random:seed3,vq_4096_64d_random,3,25,0.00401135,0.00282333,0.006432775667864247,0.0012072446607672145,0.0015584810469165022,1464.0759754579917,0.93212890625,3818,0.0003,0.0003,0.10405979305505753,False,469,469,0,94,94,12000,0,0,0,0,0,0,True,finite
vq_4096_64d_random:seed3,vq_4096_64d_random,3,26,0.00386523,0.00241303,0.005636453831691084,0.0008757173524459978,0.0013189832603777696,1504.647326957861,0.94580078125,3874,0.0003,0.0003,0.09726582467556,False,469,469,0,94,94,12000,0,0,0,0,0,0,True,finite
vq_4096_64d_random:seed3,vq_4096_64d_random,3,27,0.00367402,0.00242577,0.005279719625218248,0.0009517445789563085,0.0013484599998952464,1509.3427336044615,0.94677734375,3878,0.0003,0.0003,0.08137211948633194,False,469,469,0,94,94,12000,0,0,0,0,0,0,True,finite
vq_4096_64d_random:seed3,vq_4096_64d_random,3,28,0.00350565,0.00230534,0.005098933466154843,0.0008526630742786475,0.0012484211934234927,1502.4564501388984,0.951904296875,3899,0.0003,0.0003,0.10236690193414688,False,469,469,0,94,94,12000,0,0,0,0,0,0,True,finite
vq_4096_64d_random:seed3,vq_4096_64d_random,3,29,0.00343242,0.00241619,0.005603642626147194,0.0009774168539903921,0.00135701269767884,1513.6720403153386,0.94775390625,3882,0.0003,0.0003,0.07943297922611237,False,469,469,0,94,94,12000,0,0,0,0,0,0,True,finite
vq_4096_64d_random:seed3,vq_4096_64d_random,3,30,0.00345127,0.00236348,0.005362949463273518,0.0010141609342778082,0.0012161603546507853,1522.2238919429465,0.950927734375,3895,0.0003,0.0003,0.08160360902547836,False,469,469,0,94,94,12000,0,0,0,0,0,0,True,finite
vq_4096_64d_random:seed3,vq_4096_64d_random,3,31,0.0033507,0.00230227,0.005017492806345133,0.0008097535955071545,0.0013294588749707653,1550.2727591793662,0.960205078125,3933,0.0003,0.0003,0.07867950946092606,False,469,469,0,94,94,12000,0,0,0,0,0,0,True,finite
vq_4096_64d_random:seed3,vq_4096_64d_random,3,32,0.00341997,0.00204336,0.004609688391760743,0.0007066467089124031,0.001085650159442915,1563.8350261727417,0.9619140625,3940,0.0003,0.0003,0.08971492946147919,False,469,469,0,94,94,12000,0,0,0,0,0,0,True,finite
vq_4096_64d_random:seed3,vq_4096_64d_random,3,33,0.00313601,0.00233999,0.005125972666712885,0.0009828386840731679,0.0012963406771478942,1559.5707251816957,0.956298828125,3917,0.0003,0.0003,0.10522519797086716,False,469,469,0,94,94,12000,0,0,0,0,0,0,True,finite
vq_4096_64d_random:seed3,vq_4096_64d_random,3,34,0.00307993,0.00200468,0.004808070442618346,0.0006312841339113222,0.0010556371792212998,1581.3344175517282,0.963623046875,3947,0.0003,0.0003,0.07495322078466415,False,469,469,0,94,94,12000,0,0,0,0,0,0,True,finite
vq_4096_64d_random:seed3,vq_4096_64d_random,3,35,0.003066,0.00213087,0.00470372697880997,0.000785205002364401,0.0011410084831615975,1496.249462718592,0.953857421875,3907,0.0003,0.0003,0.06615687161684036,False,469,469,0,94,94,12000,0,0,0,0,0,0,True,finite
vq_4096_64d_random:seed3,vq_4096_64d_random,3,36,0.00296051,0.00197272,0.0043444640021387945,0.0006854910887211929,0.001058558225380131,1571.8544217813044,0.9609375,3936,0.0003,0.0003,0.06461836397647858,False,469,469,0,94,94,12000,0,0,0,0,0,0,True,finite
vq_4096_64d_random:seed3,vq_4096_64d_random,3,37,0.00302129,0.00200805,0.004488398797209158,0.0006876463170768642,0.0010536536242545364,1559.4810175407292,0.96435546875,3950,0.0003,0.0003,0.08280985057353973,False,469,469,0,94,94,12000,0,0,0,0,0,0,True,finite
vq_4096_64d_random:seed3,vq_4096_64d_random,3,38,0.00291212,0.00210119,0.004661922465623504,0.0007180417466455236,0.0011123979632408978,1539.0262712518509,0.9609375,3936,0.0003,0.0003,0.07586998492479324,False,469,469,0,94,94,12000,0,0,0,0,0,0,True,finite
vq_4096_64d_random:seed3,vq_4096_64d_random,3,39,0.00276538,0.00181684,0.004054406431142292,0.0006067994702088311,0.0009650332988729029,1603.7586123068481,0.966552734375,3959,0.0003,0.0003,0.06581062823534012,False,469,469,0,94,94,12000,0,0,0,0,0,0,True,finite
vq_4096_64d_random:seed3,vq_4096_64d_random,3,40,0.00273869,0.0018132,0.004102483329047421,0.000580951611406916,0.0009047127879955468,1564.7010619423515,0.964111328125,3949,0.0003,0.0003,0.07154295593500137,False,469,469,0,94,94,12000,0,0,0,0,0,0,True,finite
vq_4096_64d_random:seed3,vq_4096_64d_random,3,41,0.00299632,0.00201055,0.00436656184941364,0.0007735558453972112,0.0010158099198725498,1536.5467306121238,0.961181640625,3937,0.0003,0.0003,0.15896159410476685,False,469,469,0,94,94,12000,0,0,0,0,0,0,True,finite
vq_4096_64d_random:seed3,vq_4096_64d_random,3,42,0.00268883,0.00168737,0.003752734820442564,0.0004970507428787606,0.0008671052655327958,1603.5681976514327,0.965087890625,3953,0.0003,0.0003,0.07074815779924393,False,469,469,0,94,94,12000,0,0,0,0,0,0,True,finite
vq_4096_64d_random:seed3,vq_4096_64d_random,3,43,0.00260428,0.00176736,0.003948828410962869,0.000603112847954168,0.0008900493049504548,1596.0982857622864,0.968017578125,3965,0.0003,0.0003,0.07852146029472351,False,469,469,0,94,94,12000,0,0,0,0,0,0,True,finite
vq_4096_64d_random:seed3,vq_4096_64d_random,3,44,0.00246905,0.00179812,0.004001144149914997,0.0005840905272948058,0.0009585494774294654,1601.8016555357124,0.966552734375,3959,0.0003,0.0003,0.058650169521570206,False,469,469,0,94,94,12000,0,0,0,0,0,0,True,finite
vq_4096_64d_random:seed3,vq_4096_64d_random,3,45,0.00264395,0.00187133,0.0041666960289206715,0.0006356363444531756,0.0009940177614104738,1626.6660508225264,0.9736328125,3988,0.0003,0.0003,0.1047702357172966,False,469,469,0,94,94,12000,0,0,0,0,0,0,True,finite
vq_4096_64d_random:seed3,vq_4096_64d_random,3,46,0.00246717,0.00172821,0.0037894749490064894,0.0005798896791259081,0.0008738297086734419,1603.1396522228329,0.97314453125,3986,0.0003,0.0003,0.05584980547428131,False,469,469,0,94,94,12000,0,0,0,0,0,0,True,finite
vq_4096_64d_random:seed3,vq_4096_64d_random,3,47,0.00241548,0.00173619,0.004022731398486387,0.0005605993863637344,0.0008697541581333279,1610.2433423615178,0.9658203125,3956,0.0003,0.0003,0.05622461438179016,False,469,469,0,94,94,12000,0,0,0,0,0,0,True,finite
vq_4096_64d_random:seed3,vq_4096_64d_random,3,48,0.00257911,0.00191832,0.004407476872973372,0.0006460527362030303,0.0010024012710706976,1588.6787978738982,0.967041015625,3961,0.0003,0.0003,0.0726901963353157,False,469,469,0,94,94,12000,0,0,0,0,0,0,True,finite
vq_4096_64d_random:seed3,vq_4096_64d_random,3,49,0.00250309,0.00161582,0.003743339426442669,0.00048770140593392926,0.0008076509949888315,1616.7449320445107,0.970703125,3976,0.0003,0.0003,0.05200760439038277,False,469,469,0,94,94,12000,0,0,0,0,0,0,True,finite
vq_4096_64d_random:seed3,vq_4096_64d_random,3,50,0.00233295,0.0016338,0.0038235337441095275,0.00046888826055944743,0.0008092660351700755,1631.3906173984326,0.972900390625,3985,0.0003,0.0003,0.04756452143192291,False,469,469,0,94,94,12000,0,0,0,0,0,0,True,finite
vq_4096_64d_random:seed3,vq_4096_64d_random,3,51,0.00232322,0.00159593,0.0036072676796115657,0.0004951309855998922,0.000797177253216161,1638.182995999071,0.973876953125,3989,0.0003,0.0003,0.058484114706516266,False,469,469,0,94,94,12000,0,0,0,0,0,0,True,finite
vq_4096_64d_random:seed3,vq_4096_64d_random,3,52,0.00243234,0.00159549,0.0036460164788679303,0.0005013471940196216,0.0008017348263426789,1602.4553482601325,0.969970703125,3973,0.0003,0.0003,0.06441082805395126,False,469,469,0,94,94,12000,0,0,0,0,0,0,True,finite
vq_4096_64d_random:seed3,vq_4096_64d_random,3,53,0.00226868,0.0016096,0.003674406888897461,0.0004938224295388664,0.0008129872722725405,1597.1222530800067,0.972900390625,3985,0.0003,0.0003,0.059244632720947266,False,469,469,0,94,94,12000,0,0,0,0,0,0,True,finite
vq_4096_64d_random:seed3,vq_4096_64d_random,3,54,0.00231104,0.00157135,0.0035371895481662134,0.0004373371937583689,0.0007951083589063096,1626.7384137144306,0.974365234375,3991,0.0003,0.0003,0.05189557373523712,False,469,469,0,94,94,12000,0,0,0,0,0,0,True,finite
vq_4096_64d_random:seed3,vq_4096_64d_random,3,55,0.00223755,0.00159635,0.0036076121835999274,0.0004863747975392602,0.0007975268868941358,1635.6518260223236,0.974365234375,3991,0.0003,0.0003,0.05832500383257866,False,469,469,0,94,94,12000,0,0,0,0,0,0,True,finite
vq_4096_64d_random:seed3,vq_4096_64d_random,3,56,0.00222975,0.00155224,0.003643635839481791,0.0004495536143540756,0.0007674718837739628,1617.926907661884,0.970947265625,3977,0.0003,0.0003,0.05193857103586197,False,469,469,0,94,94,12000,0,0,0,0,0,0,True,finite
vq_4096_64d_random:seed3,vq_4096_64d_random,3,57,0.00222194,0.00163222,0.003629224855678139,0.0005174667707284903,0.0008076105061909811,1627.5811317312275,0.971923828125,3981,0.0003,0.0003,0.045497506856918335,False,469,469,0,94,94,12000,0,0,0,0,0,0,True,finite
vq_4096_64d_random:seed3,vq_4096_64d_random,3,58,0.00215254,0.00160642,0.0035216770603593295,0.0005344412797360559,0.0008315615288314852,1618.0981303307499,0.97314453125,3986,0.0003,0.0003,0.04880798980593681,False,469,469,0,94,94,12000,0,0,0,0,0,0,True,finite
vq_4096_64d_random:seed3,vq_4096_64d_random,3,59,0.00226386,0.00158121,0.003535397929299784,0.0004566416209955881,0.0007959209997894676,1617.0387222950937,0.9755859375,3996,0.0003,0.0003,0.07079298049211502,False,469,469,0,94,94,12000,0,0,0,0,0,0,True,finite
vq_4096_64d_random:seed3,vq_4096_64d_random,3,60,0.00214248,0.00148474,0.0033348211104929143,0.000409119780990983,0.0007620249360950494,1628.1965179109993,0.974853515625,3993,0.0003,0.0003,0.049132369458675385,False,469,469,0,94,94,12000,0,0,0,0,0,0,True,finite
vq_4096_64d_random:seed3,vq_4096_64d_random,3,61,0.00209755,0.00149873,0.0033579196838992723,0.00042107544218867687,0.0007434052267159261,1620.3198957376603,0.968994140625,3969,0.0003,0.0003,0.048191387206315994,False,469,469,0,94,94,12000,0,0,0,0,0,0,True,finite
vq_4096_64d_random:seed3,vq_4096_64d_random,3,62,0.00206541,0.00156282,0.003492125006666825,0.0005186536228518825,0.0007306897065012419,1638.745422973607,0.9736328125,3988,0.0003,0.0003,0.05693860724568367,False,469,469,0,94,94,12000,0,0,0,0,0,0,True,finite
vq_4096_64d_random:seed3,vq_4096_64d_random,3,63,0.00217248,0.0015165,0.003483453503095259,0.00044525673614576175,0.0007436844812963466,1588.1080753396986,0.969970703125,3973,0.0003,0.0003,0.05692403018474579,False,469,469,0,94,94,12000,0,0,0,0,0,0,True,finite
vq_4096_64d_random:seed3,vq_4096_64d_random,3,64,0.00210242,0.00151344,0.0032502415987865595,0.0004650374161818061,0.0007776164476876715,1596.5956198258468,0.970703125,3976,0.0003,0.0003,0.05019671842455864,False,469,469,0,94,94,12000,0,0,0,0,0,0,True,finite
vq_4096_64d_random:seed3,vq_4096_64d_random,3,65,0.00204746,0.0014832,0.003316298045880209,0.00044093226006219715,0.0007459753274013892,1626.4751124431125,0.975341796875,3995,0.0003,0.0003,0.04505595192313194,False,469,469,0,94,94,12000,0,0,0,0,0,0,True,finite
vq_4096_64d_random:seed3,vq_4096_64d_random,3,66,0.00203455,0.00159872,0.003396327670354159,0.000498018084222775,0.0008151785403660559,1586.4206954975277,0.973388671875,3987,0.0003,0.0003,0.039219047874212265,False,469,469,0,94,94,12000,0,0,0,0,0,0,True,finite
vq_4096_64d_random:seed3,vq_4096_64d_random,3,67,0.00213459,0.00145034,0.00332724601568553,0.0003800232393181528,0.0007108364172520154,1635.3829531426904,0.97265625,3984,0.0003,0.0003,0.05283118039369583,False,469,469,0,94,94,12000,0,0,0,0,0,0,True,finite
vq_4096_64d_random:seed3,vq_4096_64d_random,3,68,0.00205031,0.00147315,0.0033154768071729577,0.0004634297055500606,0.000716750814420582,1636.1540990639594,0.973876953125,3989,0.0003,0.0003,0.050179317593574524,False,469,469,0,94,94,12000,0,0,0,0,0,0,True,finite
vq_4096_64d_random:seed3,vq_4096_64d_random,3,69,0.00218551,0.00152692,0.003379472245426551,0.00048378703343844977,0.0007533053600864442,1619.471049739757,0.972412109375,3983,0.0003,0.0003,0.07243942469358444,False,469,469,0,94,94,12000,0,0,0,0,0,0,True,finite
vq_4096_64d_random:seed3,vq_4096_64d_random,3,70,0.00200962,0.00141602,0.0031199188465218268,0.00038524673108041436,0.0006945820808197956,1624.5985006631595,0.970458984375,3975,0.0003,0.0003,0.04706227034330368,False,469,469,0,94,94,12000,0,0,0,0,0,0,True,finite
vq_4096_64d_random:seed3,vq_4096_64d_random,3,71,0.00285716,0.0016591,0.00370539059959355,0.00047123119489764594,0.0008362668492997793,1575.734451955665,0.95703125,3920,0.0003,0.0003,0.2655082046985626,False,469,469,0,94,94,12000,0,0,0,0,0,0,True,finite
vq_4096_64d_random:seed3,vq_4096_64d_random,3,72,0.00226539,0.00201295,0.004424035459829449,0.0009493399116951958,0.0010192204568538574,1477.9425302811158,0.94873046875,3886,0.0003,0.0003,0.09631121903657913,False,469,469,0,94,94,12000,0,0,0,0,0,0,True,finite
vq_4096_64d_random:seed3,vq_4096_64d_random,3,73,0.00245304,0.0015203,0.0033202744382500545,0.0004238723628473876,0.0007786330050814528,1612.2742239837398,0.968017578125,3965,0.0003,0.0003,0.18036307394504547,False,469,469,0,94,94,12000,0,0,0,0,0,0,True,finite
vq_4096_64d_random:seed3,vq_4096_64d_random,3,74,0.0020822,0.00146797,0.003334403351425108,0.0004169065215285511,0.000738062341911389,1618.9147689812194,0.96923828125,3970,0.0003,0.0003,0.04588565602898598,False,469,469,0,94,94,12000,0,0,0,0,0,0,True,finite
vq_4096_64d_random:seed3,vq_4096_64d_random,3,75,0.00192057,0.00144226,0.003210408282079953,0.00040595360605233936,0.0007103167907001615,1632.2890886229247,0.96875,3968,0.0003,0.0003,0.041491322219371796,False,469,469,0,94,94,12000,0,0,0,0,0,0,True,finite
vq_4096_64d_random:seed3,vq_4096_64d_random,3,76,0.00211173,0.00147986,0.0032593395523143175,0.0004162792663113359,0.0007317546661730524,1595.5661500666881,0.96630859375,3958,0.0003,0.0003,0.07026086747646332,False,469,469,0,94,94,12000,0,0,0,0,0,0,True,finite
vq_4096_64d_random:seed3,vq_4096_64d_random,3,77,0.00194141,0.00140658,0.003096782599708203,0.0003598214095682134,0.0007130986289641391,1606.504832574087,0.966552734375,3959,0.0003,0.0003,0.03923843801021576,False,469,469,0,94,94,12000,0,0,0,0,0,0,True,finite
vq_4096_64d_random:seed3,vq_4096_64d_random,3,78,0.00198433,0.00145759,0.0033156523432260865,0.0003942084611628878,0.0007110945332424437,1611.596931977771,0.971923828125,3981,0.0003,0.0003,0.047902923077344894,False,469,469,0,94,94,12000,0,0,0,0,0,0,True,finite
vq_4096_64d_random:seed3,vq_4096_64d_random,3,79,0.00196916,0.0015347,0.0032909060813623293,0.00043973697337195235,0.0008093461681600476,1608.2495432930014,0.9697265625,3972,0.0003,0.0003,0.04203273355960846,False,469,469,0,94,94,12000,0,0,0,0,0,0,True,finite
vq_4096_64d_random:seed3,vq_4096_64d_random,3,80,0.00201923,0.00144132,0.0032437186793937804,0.00040140344278952563,0.000690640475843835,1602.0516659061336,0.971923828125,3981,0.0003,0.0003,0.044725451618433,False,469,469,0,94,94,12000,0,0,0,0,0,0,True,finite
vq_4096_64d_random:seed3,vq_4096_64d_random,3,81,0.00224925,0.00152314,0.0034011204277506367,0.00042541886997945235,0.0007800976153781254,1623.3566536455814,0.969970703125,3973,0.0003,0.0003,0.0805889442563057,False,469,469,0,94,94,12000,0,0,0,0,0,0,True,finite
vq_4096_64d_random:seed3,vq_4096_64d_random,3,82,0.00214059,0.00139962,0.0031000106189576788,0.0003402788267899288,0.0006877552191742573,1631.4095461417494,0.970458984375,3975,0.0003,0.0003,0.06656855344772339,False,469,469,0,94,94,12000,0,0,0,0,0,0,True,finite
vq_4096_64d_random:seed3,vq_4096_64d_random,3,83,0.00192056,0.00149379,0.0033168942253129106,0.00042085048640601275,0.0007362278590225964,1594.837921985809,0.965576171875,3955,0.0003,0.0003,0.05567862465977669,False,469,469,0,94,94,12000,0,0,0,0,0,0,True,finite
vq_4096_64d_random:seed3,vq_4096_64d_random,3,84,0.00191063,0.00154182,0.0034111144223181104,0.00045126593060516244,0.0007602111563975914,1600.4346555792524,0.970458984375,3975,0.0003,0.0003,0.04517735168337822,False,469,469,0,94,94,12000,0,0,0,0,0,0,True,finite
vq_4096_64d_random:seed3,vq_4096_64d_random,3,85,0.00184062,0.0014592,0.003238415469014017,0.0004674367652677008,0.0006914277914250276,1609.7515408606505,0.97314453125,3986,0.0003,0.0003,0.0402536615729332,False,469,469,0,94,94,12000,0,0,0,0,0,0,True,finite
vq_4096_64d_random:seed3,vq_4096_64d_random,3,86,0.00184296,0.00144002,0.00320614953702693,0.0003993332564277287,0.0006898365397843948,1596.9482583407748,0.97216796875,3982,0.0003,0.00015,0.049097124487161636,False,469,469,0,94,94,12000,0,0,0,0,0,0,True,finite
vq_4096_64d_random:seed3,vq_4096_64d_random,3,87,0.00161023,0.0012244,0.002769007421621514,0.00027867673022716796,0.0005676276476628332,1649.2738407013367,0.970947265625,3977,0.00015,0.00015,0.037054743617773056,False,469,469,0,94,94,12000,0,0,0,0,0,0,True,finite
vq_4096_64d_random:seed3,vq_4096_64d_random,3,88,0.00150893,0.00125171,0.0028528301825269447,0.00029765633822405985,0.0005739407245099441,1638.3804216120732,0.97119140625,3978,0.00015,0.00015,0.0294975433498621,False,469,469,0,94,94,12000,0,0,0,0,0,0,True,finite
vq_4096_64d_random:seed3,vq_4096_64d_random,3,89,0.00152788,0.0012004,0.0026763755350914494,0.00027036625988471755,0.0005570846971667482,1633.6147348761108,0.97412109375,3990,0.00015,0.00015,0.03466467931866646,False,469,469,0,94,94,12000,0,0,0,0,0,0,True,finite
vq_4096_64d_random:seed3,vq_4096_64d_random,3,90,0.00148572,0.00121307,0.00271149064387698,0.0002533232577365227,0.0005725953623286998,1630.902145892003,0.9716796875,3980,0.00015,0.00015,0.02636769413948059,False,469,469,0,94,94,12000,0,0,0,0,0,0,True,finite
vq_4096_64d_random:seed3,vq_4096_64d_random,3,91,0.00147804,0.00123353,0.0028228590459723527,0.000269548151436294,0.000579443015102146,1644.7201158746839,0.971923828125,3981,0.00015,0.00015,0.031520381569862366,False,469,469,0,94,94,12000,0,0,0,0,0,0,True,finite
vq_4096_64d_random:seed3,vq_4096_64d_random,3,92,0.00148157,0.00124883,0.0027996063606966887,0.0002813915380146374,0.0005845447957190119,1647.0991131218634,0.97119140625,3978,0.00015,0.00015,0.02953469008207321,False,469,469,0,94,94,12000,0,0,0,0,0,0,True,finite
vq_4096_64d_random:seed3,vq_4096_64d_random,3,93,0.00145817,0.00125533,0.0027812580686009227,0.0002897280132713702,0.0006006975517729721,1617.7912283519497,0.97119140625,3978,0.00015,0.00015,0.028693508356809616,False,469,469,0,94,94,12000,0,0,0,0,0,0,True,finite
vq_4096_64d_random:seed3,vq_4096_64d_random,3,94,0.00143174,0.00119395,0.0026927049709067536,0.00026308322874896536,0.0005656205519228722,1622.5166733459187,0.97216796875,3982,0.00015,0.00015,0.031169965863227844,False,469,469,0,94,94,12000,0,0,0,0,0,0,True,finite
vq_4096_64d_random:seed3,vq_4096_64d_random,3,95,0.00142614,0.00122499,0.0027661165960031274,0.0002718100618650613,0.0005654940400048594,1642.7528666399362,0.974609375,3992,0.00015,0.00015,0.026692107319831848,False,469,469,0,94,94,12000,0,0,0,0,0,0,True,finite
vq_4096_64d_random:seed3,vq_4096_64d_random,3,96,0.00144413,0.00122571,0.002761350376240505,0.0002765562878233885,0.0005847899562845713,1643.2550013473676,0.973388671875,3987,0.00015,0.00015,0.029261954128742218,False,469,469,0,94,94,12000,0,0,0,0,0,0,True,finite
vq_4096_64d_random:seed3,vq_4096_64d_random,3,97,0.00140436,0.00122316,0.0027201124830031564,0.00026814019578738185,0.0005808435746299098,1638.4553458849512,0.971923828125,3981,0.00015,0.00015,0.02721266821026802,False,469,469,0,94,94,12000,0,0,0,0,0,0,True,finite
vq_4096_64d_random:seed3,vq_4096_64d_random,3,98,0.00139262,0.00124694,0.002778221252079985,0.0003028408741571912,0.0005835057762921404,1639.9153801786883,0.972900390625,3985,0.00015,7.5e-05,0.032849621027708054,False,469,469,0,94,94,12000,0,0,0,0,0,0,True,finite
vq_4096_64d_random:seed3,vq_4096_64d_random,3,99,0.0012714,0.00115389,0.0026052966608714184,0.00023931867658876912,0.0005294714514451736,1632.8844713849244,0.9736328125,3988,7.5e-05,7.5e-05,0.019802356138825417,False,469,469,0,94,94,12000,0,0,0,0,0,0,True,finite
vq_4096_64d_random:seed4,vq_4096_64d_random,4,0,0.27081834,0.07690829,0.12917905692354642,0.07844696070948926,0.0565675147921259,142.69485030263257,0.1611328125,660,0.0003,0.0003,13515775.0,True,469,469,0,94,94,12000,0,0,0,0,0,0,True,finite
vq_4096_64d_random:seed4,vq_4096_64d_random,4,1,0.06968323,0.03302053,0.06172569166370312,0.016080039408704266,0.03169571078259584,341.67988694599154,0.351318359375,1439,0.0003,0.0003,1.2538379430770874,True,469,469,0,94,94,12000,0,0,0,0,0,0,True,finite
vq_4096_64d_random:seed4,vq_4096_64d_random,4,2,0.03574489,0.02018519,0.03942913244013641,0.009124474587772248,0.017850095650184895,518.6755866428277,0.455810546875,1867,0.0003,0.0003,1.4617416858673096,True,469,469,0,94,94,12000,0,0,0,0,0,0,True,finite
vq_4096_64d_random:seed4,vq_4096_64d_random,4,3,0.02620621,0.01457927,0.030441486025251478,0.005915809685062966,0.012516505311389588,648.7882526587698,0.58544921875,2398,0.0003,0.0003,2.782473087310791,True,469,469,0,94,94,12000,0,0,0,0,0,0,True,finite
vq_4096_64d_random:seed4,vq_4096_64d_random,4,4,0.0188551,0.01305645,0.02886926924029547,0.007000183146079157,0.009121996081853571,749.0595773030116,0.637939453125,2613,0.0003,0.0003,1.3733664751052856,True,469,469,0,94,94,12000,0,0,0,0,0,0,True,finite
vq_4096_64d_random:seed4,vq_4096_64d_random,4,5,0.01567505,0.0098697,0.021899823934904663,0.004307148484204483,0.007108616693011915,814.8727037760873,0.68017578125,2786,0.0003,0.0003,0.7382001280784607,False,469,469,0,94,94,12000,0,0,0,0,0,0,True,finite
vq_4096_64d_random:seed4,vq_4096_64d_random,4,6,0.01341187,0.01050311,0.02413824233124418,0.005484688804664792,0.006783102522558721,778.9327568426356,0.662353515625,2713,0.0003,0.0003,1.1291077136993408,True,469,469,0,94,94,12000,0,0,0,0,0,0,True,finite
vq_4096_64d_random:seed4,vq_4096_64d_random,4,7,0.01209462,0.00803929,0.018653419347652238,0.0038093025111243756,0.005017290937968367,859.1210074882513,0.706787109375,2895,0.0003,0.0003,1.2678239345550537,True,469,469,0,94,94,12000,0,0,0,0,0,0,True,finite
vq_4096_64d_random:seed4,vq_4096_64d_random,4,8,0.01053831,0.00710745,0.016148171798414577,0.0035978873427384254,0.004428005338191211,892.3936917967151,0.71826171875,2942,0.0003,0.0003,0.9873299598693848,False,469,469,0,94,94,12000,0,0,0,0,0,0,True,finite
vq_4096_64d_random:seed4,vq_4096_64d_random,4,9,0.00989909,0.00703379,0.016868659791433194,0.003363786673260407,0.004349347279859496,962.5639219646099,0.749755859375,3071,0.0003,0.0003,0.9312918186187744,False,469,469,0,94,94,12000,0,0,0,0,0,0,True,finite
vq_4096_64d_random:seed4,vq_4096_64d_random,4,10,0.00906892,0.00705934,0.017515337424147716,0.003802256996101145,0.00393447155529883,1003.4417188985329,0.76904296875,3150,0.0003,0.0003,3.0499300956726074,True,469,469,0,94,94,12000,0,0,0,0,0,0,True,finite
vq_4096_64d_random:seed4,vq_4096_64d_random,4,11,0.00817083,0.00577552,0.013605011237341286,0.0026757643796311353,0.0033383371093926475,1042.996444942376,0.77587890625,3178,0.0003,0.0003,0.6594228148460388,False,469,469,0,94,94,12000,0,0,0,0,0,0,True,finite
vq_4096_64d_random:seed4,vq_4096_64d_random,4,12,0.00722824,0.00500889,0.012286333261353305,0.0022552070244723495,0.002820830006004304,1093.3557200509924,0.7998046875,3276,0.0003,0.0003,0.19670717418193817,False,469,469,0,94,94,12000,0,0,0,0,0,0,True,finite
vq_4096_64d_random:seed4,vq_4096_64d_random,4,13,0.00702944,0.00529289,0.012241729885751248,0.0026395590813327917,0.003182833432126653,1097.9330445899095,0.800048828125,3277,0.0003,0.0003,0.19704382121562958,False,469,469,0,94,94,12000,0,0,0,0,0,0,True,finite
vq_4096_64d_random:seed4,vq_4096_64d_random,4,14,0.0065345,0.00432168,0.010813867833954284,0.0017525658606694658,0.0023621918137961924,1173.9457444880904,0.818603515625,3353,0.0003,0.0003,0.2031790167093277,False,469,469,0,94,94,12000,0,0,0,0,0,0,True,finite
vq_4096_64d_random:seed4,vq_4096_64d_random,4,15,0.00630511,0.00445292,0.010768626991103588,0.002023138903302013,0.002563895422333283,1193.384443349542,0.828125,3392,0.0003,0.0003,0.2961333692073822,False,469,469,0,94,94,12000,0,0,0,0,0,0,True,finite
vq_4096_64d_random:seed4,vq_4096_64d_random,4,16,0.00571292,0.00400727,0.009712392369364067,0.0017494831295176497,0.0022253296692354317,1218.5929230550682,0.845458984375,3463,0.0003,0.0003,0.1610380858182907,False,469,469,0,94,94,12000,0,0,0,0,0,0,True,finite
vq_4096_64d_random:seed4,vq_4096_64d_random,4,17,0.00537649,0.00391315,0.009433902103585972,0.0015821776477820705,0.0020799435566736173,1262.0668926673877,0.85546875,3504,0.0003,0.0003,0.21285785734653473,False,469,469,0,94,94,12000,0,0,0,0,0,0,True,finite
vq_4096_64d_random:seed4,vq_4096_64d_random,4,18,0.00544622,0.00374912,0.00876719078155294,0.0016621781220109034,0.0021069499056440215,1296.8940432697418,0.864013671875,3539,0.0003,0.0003,0.22115463018417358,False,469,469,0,94,94,12000,0,0,0,0,0,0,True,finite
vq_4096_64d_random:seed4,vq_4096_64d_random,4,19,0.00492433,0.0035927,0.00888829734085466,0.0014472651684875634,0.0019913389643832287,1341.3501185601394,0.880859375,3608,0.0003,0.0003,0.16001011431217194,False,469,469,0,94,94,12000,0,0,0,0,0,0,True,finite
vq_4096_64d_random:seed4,vq_4096_64d_random,4,20,0.00486028,0.00381805,0.008734101957578852,0.0016171436137099363,0.002185489894408959,1346.6338963266517,0.871826171875,3571,0.0003,0.0003,0.16648468375205994,False,469,469,0,94,94,12000,0,0,0,0,0,0,True,finite
vq_4096_64d_random:seed4,vq_4096_64d_random,4,21,0.00453757,0.0031387,0.007538457161457275,0.0013565802113156996,0.001669976852048328,1372.612924349017,0.89501953125,3666,0.0003,0.0003,0.13922230899333954,False,469,469,0,94,94,12000,0,0,0,0,0,0,True,finite
vq_4096_64d_random:seed4,vq_4096_64d_random,4,22,0.00455541,0.00318787,0.007676932617249515,0.001259859144450173,0.001716979902555565,1421.4376723936084,0.904541015625,3705,0.0003,0.0003,0.16232585906982422,False,469,469,0,94,94,12000,0,0,0,0,0,0,True,finite
vq_4096_64d_random:seed4,vq_4096_64d_random,4,23,0.00426324,0.00324899,0.007821772132544735,0.0013532419104046068,0.0016732003145783253,1418.7707444401856,0.90771484375,3718,0.0003,0.0003,0.14833204448223114,False,469,469,0,94,94,12000,0,0,0,0,0,0,True,finite
vq_4096_64d_random:seed4,vq_4096_64d_random,4,24,0.00413556,0.00299891,0.007147501904554513,0.0012519051317044284,0.0015529781782250684,1462.0433593850255,0.92529296875,3790,0.0003,0.0003,0.11083114147186279,False,469,469,0,94,94,12000,0,0,0,0,0,0,True,finite
vq_4096_64d_random:seed4,vq_4096_64d_random,4,25,0.00384905,0.00280872,0.006669174989509556,0.0010557009758642188,0.0014484584873767062,1483.5022874990973,0.9287109375,3804,0.0003,0.0003,0.10846581310033798,False,469,469,0,94,94,12000,0,0,0,0,0,0,True,finite
vq_4096_64d_random:seed4,vq_4096_64d_random,4,26,0.0038173,0.00276961,0.007019185507001866,0.0010808700922198542,0.0014790658300538068,1532.2325719418836,0.939453125,3848,0.0003,0.0003,0.12654127180576324,False,469,469,0,94,94,12000,0,0,0,0,0,0,True,finite
vq_4096_64d_random:seed4,vq_4096_64d_random,4,27,0.00389975,0.00273493,0.0064925655758812815,0.0010719497864720173,0.0013566885838702941,1532.680195087549,0.94287109375,3862,0.0003,0.0003,0.2015814334154129,False,469,469,0,94,94,12000,0,0,0,0,0,0,True,finite
vq_4096_64d_random:seed4,vq_4096_64d_random,4,28,0.00347259,0.0026096,0.006534808077307825,0.0010364715823539114,0.001339393389068871,1493.001083381081,0.938232421875,3843,0.0003,0.0003,0.08513655513525009,False,469,469,0,94,94,12000,0,0,0,0,0,0,True,finite
vq_4096_64d_random:seed4,vq_4096_64d_random,4,29,0.00333144,0.00307901,0.00729398777262906,0.0013258124677172631,0.0016687382047754639,1467.1196631527678,0.9365234375,3836,0.0003,0.0003,0.09280239790678024,False,469,469,0,94,94,12000,0,0,0,0,0,0,True,finite
vq_4096_64d_random:seed4,vq_4096_64d_random,4,30,0.00326696,0.00265896,0.006344341404019569,0.0012117101097671697,0.0013469120442577347,1572.426743598336,0.958251953125,3925,0.0003,0.0003,0.08733062446117401,False,469,469,0,94,94,12000,0,0,0,0,0,0,True,finite
vq_4096_64d_random:seed4,vq_4096_64d_random,4,31,0.00318442,0.00243506,0.005933108010190339,0.0009345838660492538,0.0012883627057629383,1556.2939853938838,0.95068359375,3894,0.0003,0.0003,0.09768655896186829,False,469,469,0,94,94,12000,0,0,0,0,0,0,True,finite
vq_4096_64d_random:seed4,vq_4096_64d_random,4,32,0.00320087,0.00219545,0.00546407578379104,0.0007624896681131007,0.0010994198492619103,1604.8520245171103,0.95849609375,3926,0.0003,0.0003,0.09675609320402145,False,469,469,0,94,94,12000,0,0,0,0,0,0,True,finite
vq_4096_64d_random:seed4,vq_4096_64d_random,4,33,0.00286097,0.0023831,0.0059543296468140775,0.0010507759964272694,0.0011707637388498457,1601.5793766870306,0.954345703125,3909,0.0003,0.0003,0.09772346913814545,False,469,469,0,94,94,12000,0,0,0,0,0,0,True,finite
vq_4096_64d_random:seed4,vq_4096_64d_random,4,34,0.00312703,0.00246756,0.006059318489280272,0.0009585038170738355,0.0013010909261625173,1586.2477334755533,0.9619140625,3940,0.0003,0.0003,0.14253313839435577,False,469,469,0,94,94,12000,0,0,0,0,0,0,True,finite
vq_4096_64d_random:seed4,vq_4096_64d_random,4,35,0.00287714,0.00216199,0.005188426510430329,0.0008197505647217568,0.0011141439209989706,1583.657866373182,0.95556640625,3914,0.0003,0.0003,0.09528035670518875,False,469,469,0,94,94,12000,0,0,0,0,0,0,True,finite
vq_4096_64d_random:seed4,vq_4096_64d_random,4,36,0.00270676,0.00222841,0.005533946253669001,0.0008163979837247606,0.0010597693052075018,1602.4767349962224,0.959716796875,3931,0.0003,0.0003,0.06838514655828476,False,469,469,0,94,94,12000,0,0,0,0,0,0,True,finite
vq_4096_64d_random:seed4,vq_4096_64d_random,4,37,0.00271849,0.00207015,0.0051264042614049335,0.0007465994395523686,0.000978116859397254,1640.1882141857434,0.966064453125,3957,0.0003,0.0003,0.11586114019155502,False,469,469,0,94,94,12000,0,0,0,0,0,0,True,finite
vq_4096_64d_random:seed4,vq_4096_64d_random,4,38,0.00277176,0.00202339,0.004995233177882866,0.0007197610180752386,0.0010241109487118824,1646.3254178722007,0.96484375,3952,0.0003,0.0003,0.1352555751800537,False,469,469,0,94,94,12000,0,0,0,0,0,0,True,finite
vq_4096_64d_random:seed4,vq_4096_64d_random,4,39,0.00268267,0.0021588,0.005411333294246475,0.0007528616109597551,0.0011063262925591043,1595.3841221761916,0.963134765625,3945,0.0003,0.0003,0.13955043256282806,False,469,469,0,94,94,12000,0,0,0,0,0,0,True,finite
vq_4096_64d_random:seed4,vq_4096_64d_random,4,40,0.00348852,0.00202057,0.0049941759975676335,0.0006709568238256392,0.0009465814100797628,1626.2659806571492,0.966796875,3960,0.0003,0.0003,0.39679795503616333,False,469,469,0,94,94,12000,0,0,0,0,0,0,True,finite
vq_4096_64d_random:seed4,vq_4096_64d_random,4,41,0.00233159,0.00188325,0.004659331592748912,0.0006344882115954045,0.0008901701195809731,1665.5027812244905,0.970947265625,3977,0.0003,0.0003,0.06812440603971481,False,469,469,0,94,94,12000,0,0,0,0,0,0,True,finite
vq_4096_64d_random:seed4,vq_4096_64d_random,4,42,0.00229326,0.00209853,0.005095893236210757,0.0007602071505101545,0.00106176217402375,1627.650266264129,0.973876953125,3989,0.0003,0.0003,0.08304567635059357,False,469,469,0,94,94,12000,0,0,0,0,0,0,True,finite
vq_4096_64d_random:seed4,vq_4096_64d_random,4,43,0.00235693,0.00204538,0.004888776655059175,0.0007968487931464555,0.0009524668472830357,1663.8701616212775,0.974609375,3992,0.0003,0.0003,0.1259501427412033,False,469,469,0,94,94,12000,0,0,0,0,0,0,True,finite
vq_4096_64d_random:seed4,vq_4096_64d_random,4,44,0.00254649,0.00173081,0.004280886004322047,0.0005046297441023441,0.0008154654107989677,1716.8050645865733,0.978515625,4008,0.0003,0.0003,0.1527092307806015,False,469,469,0,94,94,12000,0,0,0,0,0,0,True,finite
vq_4096_64d_random:seed4,vq_4096_64d_random,4,45,0.00201594,0.00175538,0.004164948937702202,0.0006013306244113798,0.0008377403121101293,1696.9983588628688,0.9775390625,4004,0.0003,0.0003,0.059370893985033035,False,469,469,0,94,94,12000,0,0,0,0,0,0,True,finite
vq_4096_64d_random:seed4,vq_4096_64d_random,4,46,0.00210545,0.00182845,0.004480804026170364,0.0006198836306750895,0.0008849232823533465,1708.8399532364626,0.981201171875,4019,0.0003,0.0003,0.06420832872390747,False,469,469,0,94,94,12000,0,0,0,0,0,0,True,finite
vq_4096_64d_random:seed4,vq_4096_64d_random,4,47,0.00201625,0.00175509,0.004187939899101524,0.00058010354405057,0.0008552366247301743,1698.6816355071367,0.97705078125,4002,0.0003,0.0003,0.05766301602125168,False,469,469,0,94,94,12000,0,0,0,0,0,0,True,finite
vq_4096_64d_random:seed4,vq_4096_64d_random,4,48,0.00204982,0.00190489,0.004510914615715513,0.0006610042792247854,0.0009077594647257823,1675.2672612315569,0.97607421875,3998,0.0003,0.0003,0.0665527731180191,False,469,469,0,94,94,12000,0,0,0,0,0,0,True,finite
vq_4096_64d_random:seed4,vq_4096_64d_random,4,49,0.00197819,0.00183405,0.004416500052472526,0.0006515001454200454,0.0008850331418586848,1679.5663427617462,0.972412109375,3983,0.0003,0.0003,0.06638149917125702,False,469,469,0,94,94,12000,0,0,0,0,0,0,True,finite
vq_4096_64d_random:seed4,vq_4096_64d_random,4,50,0.00193279,0.00185421,0.004409793500408657,0.000599778174869972,0.0008983365355983849,1668.9499014971034,0.976806640625,4001,0.0003,0.0003,0.056338440626859665,False,469,469,0,94,94,12000,0,0,0,0,0,0,True,finite
vq_4096_64d_random:seed4,vq_4096_64d_random,4,51,0.00199457,0.00172594,0.003988657658263751,0.0005747283883103515,0.0008334708481378575,1689.7329416061175,0.9794921875,4012,0.0003,0.0003,0.060690585523843765,False,469,469,0,94,94,12000,0,0,0,0,0,0,True,finite
vq_4096_64d_random:seed4,vq_4096_64d_random,4,52,0.00190212,0.00187894,0.0046007443129333445,0.0007135873230053332,0.0008837340942809895,1673.874873187991,0.972412109375,3983,0.0003,0.0003,0.06847403943538666,False,469,469,0,94,94,12000,0,0,0,0,0,0,True,finite
vq_4096_64d_random:seed4,vq_4096_64d_random,4,53,0.00199855,0.00169014,0.004077088065039893,0.0005563006078319478,0.0007775957033628263,1691.794348982296,0.976806640625,4001,0.0003,0.0003,0.06434598565101624,False,469,469,0,94,94,12000,0,0,0,0,0,0,True,finite
vq_4096_64d_random:seed4,vq_4096_64d_random,4,54,0.00181381,0.00170634,0.004269077088494765,0.0005230498205595429,0.0007621068936588031,1687.01306446976,0.976806640625,4001,0.0003,0.0003,0.05188443139195442,False,469,469,0,94,94,12000,0,0,0,0,0,0,True,finite
vq_4096_64d_random:seed4,vq_4096_64d_random,4,55,0.00180489,0.00176981,0.004110980811357419,0.0006440651394057742,0.0008856279701585791,1688.1364678227083,0.97705078125,4002,0.0003,0.0003,0.05708952993154526,False,469,469,0,94,94,12000,0,0,0,0,0,0,True,finite
vq_4096_64d_random:seed4,vq_4096_64d_random,4,56,0.00183152,0.00169199,0.003960382143777412,0.0005719746507566719,0.0008514567008514051,1703.128269849308,0.976806640625,4001,0.0003,0.0003,0.05616667866706848,False,469,469,0,94,94,12000,0,0,0,0,0,0,True,finite
vq_4096_64d_random:seed4,vq_4096_64d_random,4,57,0.0017674,0.00160647,0.003905434539831069,0.0004754250391871524,0.0007574848954695825,1714.465368091523,0.97998046875,4014,0.0003,0.0003,0.05876545235514641,False,469,469,0,94,94,12000,0,0,0,0,0,0,True,finite
vq_4096_64d_random:seed4,vq_4096_64d_random,4,58,0.00174951,0.00155918,0.0038037111084083127,0.00047135699687550324,0.0007180768842442955,1722.0033828351127,0.9814453125,4020,0.0003,0.0003,0.060332853347063065,False,469,469,0,94,94,12000,0,0,0,0,0,0,True,finite
vq_4096_64d_random:seed4,vq_4096_64d_random,4,59,0.00167336,0.00155217,0.0037955975942622327,0.0004506301556229948,0.0007160756403021797,1704.1308688650038,0.9765625,4000,0.0003,0.0003,0.058093663305044174,False,469,469,0,94,94,12000,0,0,0,0,0,0,True,finite
vq_4096_64d_random:seed4,vq_4096_64d_random,4,60,0.00167817,0.00176804,0.004142917140451264,0.0006411139862968352,0.0008952237961436093,1728.9007122234257,0.97900390625,4010,0.0003,0.0003,0.05294346809387207,False,469,469,0,94,94,12000,0,0,0,0,0,0,True,finite
vq_4096_64d_random:seed4,vq_4096_64d_random,4,61,0.00168783,0.0015432,0.0037821463464303875,0.0004585541907076335,0.0007039531530330776,1714.3584157811817,0.981201171875,4019,0.0003,0.0003,0.06198878586292267,False,469,469,0,94,94,12000,0,0,0,0,0,0,True,finite
vq_4096_64d_random:seed4,vq_4096_64d_random,4,62,0.00161829,0.00157297,0.003899719744130847,0.0005332144962456596,0.0007171397049112961,1720.099594478784,0.978759765625,4009,0.0003,0.0003,0.05708855390548706,False,469,469,0,94,94,12000,0,0,0,0,0,0,True,finite
vq_4096_64d_random:seed4,vq_4096_64d_random,4,63,0.001665,0.00166111,0.004137447849814858,0.0005619674966161418,0.0007196501689442486,1671.8125491224778,0.976318359375,3999,0.0003,0.0003,0.05459320545196533,False,469,469,0,94,94,12000,0,0,0,0,0,0,True,finite
vq_4096_64d_random:seed4,vq_4096_64d_random,4,64,0.00168166,0.00162591,0.003838107857786858,0.0004613850584084955,0.0007941715125538205,1710.5035443793222,0.97900390625,4010,0.0003,0.0003,0.05588102713227272,False,469,469,0,94,94,12000,0,0,0,0,0,0,True,finite
vq_4096_64d_random:seed4,vq_4096_64d_random,4,65,0.00155313,0.0015148,0.0036094287404133873,0.0005031755898096823,0.0007093543902113526,1729.7143279541858,0.978271484375,4007,0.0003,0.0003,0.055430952459573746,False,469,469,0,94,94,12000,0,0,0,0,0,0,True,finite
vq_4096_64d_random:seed4,vq_4096_64d_random,4,66,0.0016475,0.00175514,0.004009920204151214,0.0007000674530997922,0.0008411317329191904,1620.584082841088,0.972900390625,3985,0.0003,0.0003,0.05598120763897896,False,469,469,0,94,94,12000,0,0,0,0,0,0,True,finite
vq_4096_64d_random:seed4,vq_4096_64d_random,4,67,0.00161459,0.0014515,0.0035529656904321324,0.00038447604374581087,0.0006359902328022554,1753.6301901510155,0.98291015625,4026,0.0003,0.0003,0.06790338456630707,False,469,469,0,94,94,12000,0,0,0,0,0,0,True,finite
vq_4096_64d_random:seed4,vq_4096_64d_random,4,68,0.00150501,0.00151645,0.0037242712507858117,0.00042170539478224306,0.000694730772407155,1738.3986018327619,0.979248046875,4011,0.0003,0.0003,0.04875800758600235,False,469,469,0,94,94,12000,0,0,0,0,0,0,True,finite
vq_4096_64d_random:seed4,vq_4096_64d_random,4,69,0.00150443,0.00166044,0.0038428475140263574,0.0005394925697829098,0.0008470060825963355,1719.5754940534428,0.9814453125,4020,0.0003,0.0003,0.054156143218278885,False,469,469,0,94,94,12000,0,0,0,0,0,0,True,finite
vq_4096_64d_random:seed4,vq_4096_64d_random,4,70,0.00148804,0.00143427,0.003329362343328522,0.0004111530628402464,0.0006940516063213301,1755.4372354742663,0.979736328125,4013,0.0003,0.0003,0.05798187479376793,False,469,469,0,94,94,12000,0,0,0,0,0,0,True,finite
vq_4096_64d_random:seed4,vq_4096_64d_random,4,71,0.00141498,0.0014488,0.003557353914544547,0.0003763191858525497,0.0006615488520956839,1749.3577950189137,0.9794921875,4012,0.0003,0.0003,0.05092630535364151,False,469,469,0,94,94,12000,0,0,0,0,0,0,True,finite
vq_4096_64d_random:seed4,vq_4096_64d_random,4,72,0.00154252,0.00152398,0.0035399436133488555,0.0004372621275513173,0.0007641269882451924,1748.1503900504595,0.9833984375,4028,0.0003,0.0003,0.056060563772916794,False,469,469,0,94,94,12000,0,0,0,0,0,0,True,finite
vq_4096_64d_random:seed4,vq_4096_64d_random,4,73,0.00151811,0.0014237,0.0035164633142486866,0.00039052259456389174,0.0006727150265419177,1743.7913051483188,0.981201171875,4019,0.0003,0.0003,0.05150320380926132,False,469,469,0,94,94,12000,0,0,0,0,0,0,True,finite
vq_4096_64d_random:seed4,vq_4096_64d_random,4,74,0.00145313,0.00152539,0.0036015694150004006,0.0004656496113912095,0.0006940470076427753,1699.8918626418535,0.9794921875,4012,0.0003,0.0003,0.05561906099319458,False,469,469,0,94,94,12000,0,0,0,0,0,0,True,finite
vq_4096_64d_random:seed4,vq_4096_64d_random,4,75,0.00148398,0.00150539,0.003677591719107457,0.0004280397225758273,0.0007016380307463244,1715.1109946785505,0.9765625,4000,0.0003,0.0003,0.0493062362074852,False,469,469,0,94,94,12000,0,0,0,0,0,0,True,finite
vq_4096_64d_random:seed4,vq_4096_64d_random,4,76,0.00145427,0.00149559,0.003602329325988356,0.00046439746900301006,0.0006862424739469284,1711.2458813511319,0.976318359375,3999,0.0003,0.0003,0.046470705419778824,False,469,469,0,94,94,12000,0,0,0,0,0,0,True,finite
vq_4096_64d_random:seed4,vq_4096_64d_random,4,77,0.00165802,0.00157961,0.003652945914438587,0.0007534379709074261,0.0006769105665345776,1710.1269136389594,0.9794921875,4012,0.0003,0.0003,0.06383966654539108,False,469,469,0,94,94,12000,0,0,0,0,0,0,True,finite
vq_4096_64d_random:seed4,vq_4096_64d_random,4,78,0.00152232,0.00143621,0.003475641324100405,0.0004197215984884745,0.000708870259361013,1695.0572495633974,0.980712890625,4017,0.0003,0.0003,0.0486532598733902,False,469,469,0,94,94,12000,0,0,0,0,0,0,True,finite
vq_4096_64d_random:seed4,vq_4096_64d_random,4,79,0.0013252,0.00153067,0.0036188223165025918,0.0005167450005330348,0.000688333917257798,1754.5218579289533,0.986572265625,4041,0.0003,0.00015,0.04143486171960831,False,469,469,0,94,94,12000,0,0,0,0,0,0,True,finite
vq_4096_64d_random:seed4,vq_4096_64d_random,4,80,0.00105689,0.00128556,0.0031389994667972965,0.00030443051161790484,0.0005271917490439437,1791.746808685835,0.984375,4032,0.00015,0.00015,0.03213074058294296,False,469,469,0,94,94,12000,0,0,0,0,0,0,True,finite
vq_4096_64d_random:seed4,vq_4096_64d_random,4,81,0.00100418,0.00122569,0.002949822130032367,0.0003029228257510486,0.0005100338838840916,1787.8082338503648,0.98193359375,4022,0.00015,0.00015,0.02509111352264881,False,469,469,0,94,94,12000,0,0,0,0,0,0,True,finite
vq_4096_64d_random:seed4,vq_4096_64d_random,4,82,0.00098809,0.00128459,0.0030845169790575384,0.0003164677056738736,0.00053781416935308,1777.4423715086166,0.98193359375,4022,0.00015,0.00015,0.026986882090568542,False,469,469,0,94,94,12000,0,0,0,0,0,0,True,finite
vq_4096_64d_random:seed4,vq_4096_64d_random,4,83,0.00100988,0.0012362,0.003095035113015409,0.00027376180280249014,0.0005050875230867251,1789.1353940742874,0.98486328125,4034,0.00015,0.00015,0.03710712119936943,False,469,469,0,94,94,12000,0,0,0,0,0,0,True,finite
vq_4096_64d_random:seed4,vq_4096_64d_random,4,84,0.00103543,0.00122939,0.0029907471270854205,0.0002569999744154382,0.0005188911520149508,1792.3822039053741,0.983642578125,4029,0.00015,0.00015,0.06317844986915588,False,469,469,0,94,94,12000,0,0,0,0,0,0,True,finite
vq_4096_64d_random:seed4,vq_4096_64d_random,4,85,0.00098652,0.00126547,0.0030763209529499303,0.00026079819412305283,0.0005387023579471585,1769.802195543656,0.9873046875,4044,0.00015,0.00015,0.029551172628998756,False,469,469,0,94,94,12000,0,0,0,0,0,0,True,finite
vq_4096_64d_random:seed4,vq_4096_64d_random,4,86,0.00105018,0.00130263,0.0032200672937920177,0.000337227487181161,0.0005556733058422793,1769.8363989569414,0.98583984375,4038,0.00015,0.00015,0.06177769601345062,False,469,469,0,94,94,12000,0,0,0,0,0,0,True,finite
vq_4096_64d_random:seed4,vq_4096_64d_random,4,87,0.00104921,0.00124929,0.003061226030979399,0.0002646010314840304,0.0005211425260188527,1778.8876000686032,0.985595703125,4037,0.00015,0.00015,0.045580022037029266,False,469,469,0,94,94,12000,0,0,0,0,0,0,True,finite
vq_4096_64d_random:seed4,vq_4096_64d_random,4,88,0.00096419,0.00124084,0.0030372633804822756,0.00027458688461886287,0.0005150438154810053,1781.9132189750442,0.986572265625,4041,0.00015,0.00015,0.034460462629795074,False,469,469,0,94,94,12000,0,0,0,0,0,0,True,finite
vq_4096_64d_random:seed4,vq_4096_64d_random,4,89,0.00094372,0.00125607,0.003072696543693538,0.0003039338819284778,0.000529674424501057,1782.1080612104681,0.984619140625,4033,0.00015,0.00015,0.02650120109319687,False,469,469,0,94,94,12000,0,0,0,0,0,0,True,finite
vq_4096_64d_random:seed4,vq_4096_64d_random,4,90,0.00094398,0.00124162,0.0031025897846579265,0.00026496946879119487,0.0005115575628320405,1766.2306732790978,0.985595703125,4037,0.00015,7.5e-05,0.025947226211428642,False,469,469,0,94,94,12000,0,0,0,0,0,0,True,finite
vq_4096_64d_random:seed4,vq_4096_64d_random,4,91,0.00083276,0.00118111,0.0029574691342897927,0.00022152307195028845,0.00047775976718875146,1793.2483377485498,0.9853515625,4036,7.5e-05,7.5e-05,0.019188333302736282,False,469,469,0,94,94,12000,0,0,0,0,0,0,True,finite
vq_4096_64d_random:seed4,vq_4096_64d_random,4,92,0.00080525,0.0011645,0.002911190348641066,0.0002300111952548478,0.00047311687480920694,1779.2583732126848,0.984619140625,4033,7.5e-05,7.5e-05,0.017890024930238724,False,469,469,0,94,94,12000,0,0,0,0,0,0,True,finite
vq_4096_64d_random:seed4,vq_4096_64d_random,4,93,0.00080297,0.00117839,0.002932824421275355,0.00022462261281478926,0.0004631749235096899,1790.2880001613858,0.98291015625,4026,7.5e-05,7.5e-05,0.01871510036289692,False,469,469,0,94,94,12000,0,0,0,0,0,0,True,finite
vq_4096_64d_random:seed4,vq_4096_64d_random,4,94,0.00079566,0.00118966,0.002985603440275971,0.0002402967263733558,0.00047937779730524127,1772.414831592034,0.98486328125,4034,7.5e-05,7.5e-05,0.019270068034529686,False,469,469,0,94,94,12000,0,0,0,0,0,0,True,finite
vq_4096_64d_random:seed4,vq_4096_64d_random,4,95,0.00079194,0.00119189,0.002995541983080743,0.00022640959552963934,0.0004701496336109632,1768.9861189428484,0.9833984375,4028,7.5e-05,7.5e-05,0.021180596202611923,False,469,469,0,94,94,12000,0,0,0,0,0,0,True,finite
vq_4096_64d_random:seed4,vq_4096_64d_random,4,96,0.00082321,0.00118094,0.002997357866058227,0.0002443045484686753,0.00047373335551585525,1769.7567035171903,0.978759765625,4009,7.5e-05,7.5e-05,0.07667980343103409,False,469,469,0,94,94,12000,0,0,0,0,0,0,True,finite
vq_4096_64d_random:seed4,vq_4096_64d_random,4,97,0.00080139,0.00115876,0.0029010572362800193,0.00023133085194973393,0.0004702246518547367,1777.4148396231135,0.985595703125,4037,7.5e-05,7.5e-05,0.025024639442563057,False,469,469,0,94,94,12000,0,0,0,0,0,0,True,finite
vq_4096_64d_random:seed4,vq_4096_64d_random,4,98,0.00077344,0.00116126,0.002896615708510735,0.00021256277678995952,0.00046475118675429395,1774.7812409467233,0.9833984375,4028,7.5e-05,7.5e-05,0.023243233561515808,False,469,469,0,94,94,12000,0,0,0,0,0,0,True,finite
vq_4096_64d_random:seed4,vq_4096_64d_random,4,99,0.0007758,0.00118032,0.0029925235688807003,0.0002262039286538195,0.00046987026845031,1776.5620801353712,0.984375,4032,7.5e-05,7.5e-05,0.024985266849398613,False,469,469,0,94,94,12000,0,0,0,0,0,0,True,finite
