arm,cad_id,parent_id,calibration_status,audit_status,step_saved,native_brep_valid,strict_brep_valid,both_valid,global_patch_mse,surface_mse,curved_mse,planar_mse,edge_mse,nonfinite_patches
vq_4096_64d_random,00066307_28655d45c4dc4e378db24d63_step_000,28655d45c4dc4e378db24d63,saved,audited,True,True,True,True,0.0004057644691783935,0.0010460074990987778,0.0017259849701076746,0.00015680622891522944,0.0001824239152483642,0
vq_4096_64d_random,00094558_0ea6b42282af322cf84de9f6_step_001,0ea6b42282af322cf84de9f6,saved,audited,True,True,True,True,5.6550219596829265e-05,0.00015380508557427675,0.0002651253598742187,4.248475670465268e-05,2.3205708203022368e-05,0
vq_4096_64d_random,00025294_1cf07fcd3c9543f9891c6541_step_003,1cf07fcd3c9543f9891c6541,saved,audited,True,True,True,True,7.288756023626775e-05,0.00016794710245449096,0.00028054387075826526,7.143558468669653e-05,3.426961484365165e-05,0
vq_4096_64d_random,00062859_49e91e08b7e245a19d4746f2_step_000,49e91e08b7e245a19d4746f2,saved,audited,True,True,True,True,0.0001611938641872257,0.0004535458574537188,0.0006593229481950402,4.1991821490228176e-05,5.488406168296933e-05,0
vq_4096_64d_random,00054752_0184c3ca39c94850b2d318ef_step_000,0184c3ca39c94850b2d318ef,saved,audited,True,True,True,True,7.222039857879281e-05,0.00018525410268921405,0.00030069713830016553,6.981112528592348e-05,2.700690492929425e-05,0
vq_4096_64d_random,00093612_ff1d07e0ce7a0e8af6a968e8_step_000,ff1d07e0ce7a0e8af6a968e8,assembly_error,no_step,False,,False,False,0.0005147493211552501,0.000764544412959367,0.0014438927173614502,0.0003399518027435988,0.0004173292254563421,0
vq_4096_64d_random,00028117_97daece11acf4d7aa4dce06e_step_000,97daece11acf4d7aa4dce06e,brep_invalid,audited,True,False,False,False,0.00017001286323647946,0.0005284622311592102,0.0017852910095825791,2.5730701963766478e-05,3.0615905416198075e-05,0
vq_4096_64d_random,00058174_7a6e01fafd7e49ff83747fbc_step_000,7a6e01fafd7e49ff83747fbc,saved,audited,True,True,True,True,0.0003635169705376029,0.001098907901905477,0.0020809415727853775,0.00011687423102557659,5.9217290981905535e-05,0
vq_4096_64d_random,00013998_2a899e196c7f4c74b63a568f_step_001,2a899e196c7f4c74b63a568f,saved,audited,True,True,True,True,0.00023338641040027142,0.0006534892017953098,0.00024589375243522227,0.0008165274630300701,3.7338410038501024e-05,0
vq_4096_64d_random,00094259_b8aef52e624b95f2186bac46_step_000,b8aef52e624b95f2186bac46,saved,audited,True,True,True,True,0.00012683328532148153,0.00035567820305004716,0.0004552560276351869,0.00010673358337953687,3.7838082789676264e-05,0
vq_4096_64d_random,00022263_295837f17fa84514a64dd1d0_step_000,295837f17fa84514a64dd1d0,saved,audited,True,True,True,True,9.480901644565165e-05,0.0002473743224982172,0.0006237502675503492,6.909096555318683e-05,3.4642405807971954e-05,0
vq_4096_64d_random,00051602_7f1947595ae247e0a4a32f43_step_000,7f1947595ae247e0a4a32f43,brep_invalid,audited,True,False,False,False,0.004564131144434214,0.004786819219589233,0.006455418188124895,0.00019817241991404444,0.004478482063859701,0
vq_4096_64d_random,00019270_24850bfcb0244cdc90272395_step_000,24850bfcb0244cdc90272395,saved,audited,True,True,True,True,1.9617853467934765e-05,5.195719131734222e-05,,5.195719131734222e-05,6.682118055323372e-06,0
vq_4096_64d_random,00085351_04f486b5f5add93c1cc93423_step_001,04f486b5f5add93c1cc93423,saved,audited,True,True,True,True,0.00010617416410241276,0.0003017885610461235,0.000695766240824014,3.9136753912316635e-05,1.7258540538023226e-05,0
vq_4096_64d_random,00063603_02451900b6324f6aa2c2c262_step_000,02451900b6324f6aa2c2c262,brep_invalid,audited,True,False,False,False,5.369161590351723e-05,0.00015487959899473935,0.0004447175597306341,3.894439578289166e-05,1.4340744201035704e-05,0
vq_4096_64d_random,00033086_9412b644af2240c3ab6b6248_step_001,9412b644af2240c3ab6b6248,saved,audited,True,True,True,True,0.00015037714911159128,0.0003362789866514504,0.00039857689989730716,4.555542909656651e-05,7.136884232750162e-05,0
vq_4096_64d_random,00098452_bfab08be45c79c7628312c2f_step_000,bfab08be45c79c7628312c2f,saved,audited,True,True,True,True,0.0006743820267729461,0.0001069077625288628,0.00013315862452145666,7.190660835476592e-05,0.0009581190533936024,0
vq_4096_64d_random,00030409_d4832457062d4a429daacc20_step_000,d4832457062d4a429daacc20,brep_invalid,audited,True,False,False,False,0.0006673440802842379,0.00045368054998107255,0.0007486045360565186,0.00011853963951580226,0.0007629840401932597,0
vq_4096_64d_random,00099781_56d5a9a4e4b02da21ba14586_step_000,56d5a9a4e4b02da21ba14586,saved,audited,True,True,True,True,9.345144644612446e-05,0.00029155606171116233,0.0005392872262746096,4.382491169963032e-05,1.420960597897647e-05,0
vq_4096_64d_random,00029780_a4788d5955c04fe1886666b7_step_000,a4788d5955c04fe1886666b7,brep_invalid,audited,True,False,False,False,0.00016363679606001824,0.00025457635638304055,6.73288814141415e-05,0.00025864693452604115,0.00012406126188579947,0
vq_4096_64d_random,00053623_a17f8fdc818840b0b93ccf9e_step_000,a17f8fdc818840b0b93ccf9e,saved,audited,True,True,True,True,0.00020430676522664726,0.0005956301465630531,0.0009170219418592751,0.00011354249727446586,4.125535997445695e-05,0
vq_4096_64d_random,00000444_4ed4c78d6d754aac90876fc2_step_003,4ed4c78d6d754aac90876fc2,brep_invalid,audited,True,False,False,False,5.048867387813516e-05,0.00015220290515571833,0.0002455389767419547,0.00011486848234198987,1.4888700206938665e-05,0
vq_4096_64d_random,00037452_8ca2379d1f164603b5fc0f71_step_000,8ca2379d1f164603b5fc0f71,saved,audited,True,True,True,True,0.0002135033719241619,0.0001948402205016464,0.000523664930369705,0.00012561393668875098,0.0002214524574810639,0
vq_4096_64d_random,00006371_3fd9de0ad042479b8b17d3cc_step_000,3fd9de0ad042479b8b17d3cc,brep_invalid,audited,True,False,False,False,3.313851630082354e-05,4.4117092329543084e-05,,4.4117092329543084e-05,2.8564109015860595e-05,0
vq_4096_64d_random,00023412_6e7c64361943421e9f4ebbdd_step_000,6e7c64361943421e9f4ebbdd,saved,audited,True,False,True,False,0.0011205326300114393,0.003827339969575405,0.012071711011230946,7.98984692664817e-05,7.694438681937754e-05,0
vq_4096_64d_random,00040516_91d64014ed984f1ab80c2540_step_000,91d64014ed984f1ab80c2540,saved,audited,True,True,True,True,4.684253508457914e-05,0.00010592846956569701,0.00013119426148477942,8.697912562638521e-05,2.099243283737451e-05,0
vq_4096_64d_random,00026168_a368bf89a777429eb28641e3_step_000,a368bf89a777429eb28641e3,saved,audited,True,True,True,True,0.0013845894718542695,0.0046205343678593636,0.005764691159129143,4.390640970086679e-05,3.6279172491049394e-05,0
vq_4096_64d_random,00050336_ebe3681766c14dec85c4ffd6_step_000,ebe3681766c14dec85c4ffd6,saved,audited,True,True,True,True,0.00018712785094976425,0.0004166315484326333,0.0010176434880122542,7.31962572899647e-05,0.00010297645349055529,0
vq_4096_64d_random,00093480_56ca6c21e4b0747e94b5fd0c_step_000,56ca6c21e4b0747e94b5fd0c,saved,audited,True,True,True,True,0.002441585063934326,0.007112134248018265,0.008600177243351936,0.00016792949463706464,0.00010631058103172109,0
vq_4096_64d_random,00044862_20ff2d12baed4ba699895a12_step_000,20ff2d12baed4ba699895a12,brep_invalid,audited,True,False,False,False,2.4793429474812e-05,3.5907090932596475e-05,,3.5907090932596475e-05,2.047145062533673e-05,0
vq_4096_64d_random,00061931_dcdd8a95feac4121adfd341f_step_000,dcdd8a95feac4121adfd341f,brep_invalid,audited,True,False,False,False,0.009861962869763374,0.023294907063245773,0.033208735287189484,0.0009888064814731479,0.005011177156120539,0
vq_4096_64d_random,00067160_2a27016aa44f42c69c1079f7_step_000,2a27016aa44f42c69c1079f7,brep_invalid,audited,True,False,False,False,0.0010207175510004163,0.0023102518171072006,0.0029608674813061953,0.0012042050948366523,0.000568543269764632,0
vq_4096_64d_random,00015417_0bf937b21a0d4774a719e6be_step_000,0bf937b21a0d4774a719e6be,saved,audited,True,True,True,True,0.00020795354794245213,0.000282841210719198,0.00031238136580213904,4.652029019780457e-05,0.00017987067985814065,0
vq_4096_64d_random,00089752_f46bd660f6d729ad341d926a_step_000,f46bd660f6d729ad341d926a,saved,audited,True,True,True,True,0.0006743840640410781,0.002245527459308505,0.007551143411546946,0.00012328126467764378,6.338385719573125e-05,0
vq_4096_64d_random,00009210_d7c86b5627294c37b96f2b2a_step_001,d7c86b5627294c37b96f2b2a,brep_invalid,audited,True,False,False,False,0.0056152790784835815,0.010746357031166553,0.015131310559809208,0.00022246676962822676,0.0032577598467469215,0
vq_4096_64d_random,00018216_8ebdfa79f4f84261bbc10711_step_000,8ebdfa79f4f84261bbc10711,saved,audited,True,True,True,True,9.827319445321336e-05,0.00030535197583958507,0.0014003501273691654,3.1602452509105206e-05,1.8627511963131838e-05,0
vq_4096_64d_random,00042715_01a17b1a063e40428f287d0c_step_000,01a17b1a063e40428f287d0c,brep_invalid,audited,True,False,False,False,7.178454688983038e-05,0.00021478216513060033,0.0004531921586021781,6.719503289787099e-05,2.1139558157301508e-05,0
vq_4096_64d_random,00089531_2fbe1cb926b52e6698a2f1f2_step_000,2fbe1cb926b52e6698a2f1f2,saved,audited,True,False,True,False,0.00042571418453007936,0.0004810990940313786,0.0011119021801277995,0.00031412183307111263,0.00040681299287825823,0
vq_4096_64d_random,00064437_87571c97a736487da9c4462d_step_000,87571c97a736487da9c4462d,saved,audited,True,True,True,True,0.0001862645149230957,0.00047425474622286856,0.0010177759686484933,3.943779302062467e-05,7.826815999578685e-05,0
vq_4096_64d_random,00070919_7b5d23e3b3174924a75859ea_step_000,7b5d23e3b3174924a75859ea,saved,audited,True,True,True,True,3.9380331145366654e-05,0.00012544897617772222,,0.00012544897617772222,6.592278168682242e-06,0
vq_4096_64d_random,00021272_8b0d4dace1064d53a394f654_step_000,8b0d4dace1064d53a394f654,saved,audited,True,True,True,True,0.0007949987193569541,0.0009415198001079261,0.0009989053942263126,0.0008103529689833522,0.0007348202052526176,0
vq_4096_64d_random,00032137_9241ce05bc07477694e6c966_step_000,9241ce05bc07477694e6c966,brep_invalid,audited,True,False,False,False,0.0009347494342364371,0.001923209521919489,0.0028000548481941223,0.000545308634173125,0.0004538771463558078,0
vq_4096_64d_random,00044266_cb4fe2bf7cc14277b03e550e_step_000,cb4fe2bf7cc14277b03e550e,brep_invalid,audited,True,True,False,False,0.00047188031021505594,0.0012154948199167848,0.001465635490603745,4.81725437566638e-05,7.683507283218205e-05,0
vq_4096_64d_random,00046632_476e50ea8a1a4f4a92a48363_step_000,476e50ea8a1a4f4a92a48363,brep_invalid,audited,True,False,False,False,0.0006627679103985429,0.0013790121302008629,0.0017246714560315013,0.0005494299111887813,0.00039218677557073534,0
vq_4096_64d_random,00040705_29efdbc3841d4e90b008be17_step_000,29efdbc3841d4e90b008be17,brep_invalid,audited,True,False,False,False,0.005272000562399626,0.005126288626343012,0.007037181872874498,3.057310459553264e-05,0.005344856530427933,0
vq_4096_64d_random,00053399_b8b0d7d11a0745ff88f0c9f8_step_000,b8b0d7d11a0745ff88f0c9f8,saved,audited,True,True,True,True,5.836141644977033e-05,0.00012096379941795021,0.00015829915355425328,5.873822738067247e-05,3.7049976526759565e-05,0
vq_4096_64d_random,00029576_9fda70814b4b49a7b7711b0a_step_000,9fda70814b4b49a7b7711b0a,saved,audited,True,True,True,True,1.674377745075617e-05,4.2197581933578476e-05,,4.2197581933578476e-05,6.441045115934685e-06,0
vq_4096_64d_random,00058806_ff012a6d72d24a3b8cdad1bf_step_000,ff012a6d72d24a3b8cdad1bf,saved,audited,True,True,True,True,0.00021610085968859494,0.00041661126306280494,0.0003928931546397507,0.0004202602431178093,0.00014448999718297273,0
vq_4096_64d_random,00082652_163ee4579a5b5c47a5204727_step_000,163ee4579a5b5c47a5204727,saved,audited,True,True,True,True,0.00017281477630604059,0.0002890317118726671,0.0003291894099675119,4.808547964785248e-05,0.00011180094588780776,0
vq_4096_64d_random,00062455_47888b68dba146bf8ea154b6_step_000,47888b68dba146bf8ea154b6,brep_invalid,audited,True,False,False,False,3.232490780646913e-05,6.426571781048551e-05,0.00020024151308462024,2.7181406039744616e-05,1.954858271346893e-05,0
vq_4096_64d_random,00023833_c23fa8ad3116430083224a5a_step_000,c23fa8ad3116430083224a5a,saved,audited,True,True,True,True,4.5289423724170774e-05,0.00010025076335296035,0.00012844384764321148,4.3864620238309726e-05,1.780875027179718e-05,0
vq_4096_64d_random,00082964_9042b554b64fd2c8ff358a40_step_000,9042b554b64fd2c8ff358a40,saved,audited,True,True,True,True,4.142818215768784e-05,0.00010870919504668564,0.00022908678511157632,7.861479389248416e-05,1.451577918487601e-05,0
vq_4096_64d_random,00053039_8abed53813ef4811b9c9999c_step_000,8abed53813ef4811b9c9999c,saved,audited,True,True,True,True,0.00011004546104231849,0.000346036977134645,0.0004341639578342438,9.42455735639669e-05,2.1548641598201357e-05,0
vq_4096_64d_random,00034477_37339e3612864099b9b536c0_step_000,37339e3612864099b9b536c0,brep_invalid,audited,True,False,False,False,0.0003769893082790077,0.0009346276638098061,0.0015919654397293925,0.0001577740622451529,0.00017421178927179426,0
vq_4096_64d_random,00017804_f80310b7c47d496abd4a42be_step_000,f80310b7c47d496abd4a42be,saved,audited,True,True,True,True,8.35130485938862e-05,0.00024823835701681674,,0.00024823835701681674,1.673249244049657e-05,0
vq_4096_64d_random,00021066_91bd70c7097c490fa4b489b1_step_000,91bd70c7097c490fa4b489b1,saved,audited,True,False,True,False,3.389942503417842e-05,0.00010136881610378623,0.0004351394309196621,6.210169522091746e-05,8.261064067482948e-06,0
vq_4096_64d_random,00057726_dd809fd4840842098bdc4775_step_000,dd809fd4840842098bdc4775,brep_invalid,audited,True,False,False,False,0.00046103104250505567,0.0012462518643587828,0.0013322326121851802,0.00021448064944706857,6.84206752339378e-05,0
vq_4096_64d_random,00008471_110e9b58ba504fd681a14cb0_step_003,110e9b58ba504fd681a14cb0,saved,audited,True,True,True,True,0.000277817394817248,0.0005071523482911289,0.0006392603390850127,0.00046940724132582545,0.00019181678362656385,0
vq_4096_64d_random,00032004_b91639b3cc4b41c7bf6a854d_step_000,b91639b3cc4b41c7bf6a854d,assembly_error,no_step,False,,False,False,0.0012668761191889644,0.00298622390255332,0.0041980985552072525,0.00021622449276037514,0.0004598353407345712,0
vq_4096_64d_random,00099234_56d5306be4b0a5e7b6f734b6_step_000,56d5306be4b0a5e7b6f734b6,saved,audited,True,True,True,True,0.0001564422418596223,0.00045545079046860337,0.0007338863215409219,9.13429248612374e-05,4.431403067428619e-05,0
vq_4096_64d_random,00044572_2c4eb360300e42af81aa56ef_step_000,2c4eb360300e42af81aa56ef,saved,audited,True,True,True,True,0.001097637228667736,0.001666150870732963,0.004436171613633633,8.328175317728892e-05,0.0008616503910161555,0
vq_4096_64d_random,00040533_2e5a062663894807a5cb21fb_step_002,2e5a062663894807a5cb21fb,brep_invalid,audited,True,False,False,False,5.298745963955298e-05,0.0001019295523292385,0.0001385710493195802,7.750189251964912e-05,2.8516402380773798e-05,0
vq_4096_64d_random,00063055_e309c689b9b44f0686f47966_step_000,e309c689b9b44f0686f47966,saved,audited,True,False,True,False,0.0002751476422417909,0.00040137371979653835,0.000879232888109982,9.728153236210346e-05,0.00022970624559093267,0
vq_4096_64d_random,00073885_dab27e634677416083de7a51_step_003,dab27e634677416083de7a51,saved,audited,True,True,True,True,0.0037923031486570835,0.0009193269070237875,0.002020555781200528,0.0004298917774576694,0.004829766694456339,0
vq_4096_64d_random,00072557_085af6b71b01489cae846c20_step_000,085af6b71b01489cae846c20,brep_invalid,audited,True,False,False,False,0.003470605006441474,0.0052490453235805035,0.009415657259523869,0.0002491105697117746,0.002784188836812973,0
vq_4096_64d_random,00082071_e93c957f836d34e1e665f0bc_step_001,e93c957f836d34e1e665f0bc,saved,audited,True,False,True,False,0.00026906258426606655,0.0005738977924920619,0.0011716751614585519,0.00027500902069732547,0.0001547493739053607,0
vq_4096_64d_random,00041461_306bdd55d96446919ab49bf5_step_000,306bdd55d96446919ab49bf5,saved,audited,True,False,True,False,0.00025674060452729464,0.0008066970040090382,0.0017532631754875183,6.296675564954057e-05,5.153296297066845e-05,0
vq_4096_64d_random,00076294_05622137065cf40a5bcffa79_step_000,05622137065cf40a5bcffa79,saved,audited,True,True,True,True,0.00010447552631376311,0.000180158342118375,0.00032017927151173353,9.614577720640227e-05,7.776394340908155e-05,0
vq_4096_64d_random,00099035_5bb58c4fffe22efa72d1057b_step_000,5bb58c4fffe22efa72d1057b,brep_invalid,audited,True,True,False,False,0.0002044255379587412,0.0003732192562893033,0.0008604356553405523,3.5915560147259384e-05,0.00013301278522703797,0
vq_4096_64d_random,00095863_0fdff2b55aeeabfa69ff33a2_step_000,0fdff2b55aeeabfa69ff33a2,brep_invalid,audited,True,False,False,False,4.431217166711576e-05,5.906269507249817e-05,,5.906269507249817e-05,3.855024988297373e-05,0
vq_4096_64d_random,00059512_4c602d653ee9437aa2550d0c_step_000,4c602d653ee9437aa2550d0c,saved,audited,True,True,True,True,0.00026577271637506783,0.00031174541800282896,0.0004466894024517387,8.683887426741421e-05,0.00024125394702423364,0
vq_4096_64d_random,00093498_78cd6150806188dafe1aec96_step_000,78cd6150806188dafe1aec96,brep_invalid,audited,True,False,False,False,2.3878686988609843e-05,6.806130113545805e-05,,6.806130113545805e-05,6.696556738461368e-06,0
vq_4096_64d_random,00010424_d3e28227a5914aa2a0542b72_step_000,d3e28227a5914aa2a0542b72,brep_invalid,audited,True,False,False,False,0.0024256273172795773,0.006585359573364258,0.008030669763684273,8.146459003910422e-05,0.0006312333280220628,0
vq_4096_64d_random,00056988_bbfee41efd6d47798ad0285c_step_000,bbfee41efd6d47798ad0285c,saved,audited,True,True,True,True,0.00024272619339171797,0.00042494648369029164,0.001491605886258185,0.00013403937919065356,0.00017186274635605514,0
vq_4096_64d_random,00038708_1bf48b0ea47a45c6a49b8b5e_step_000,1bf48b0ea47a45c6a49b8b5e,brep_invalid,audited,True,False,False,False,0.0003970081452280283,0.0005849722656421363,0.0009553057025186718,0.0003766597365029156,0.00031309560290537775,0
vq_4096_64d_random,00021281_1ef23b4d4fd3467fb3cdc8fb_step_000,1ef23b4d4fd3467fb3cdc8fb,saved,audited,True,True,True,True,4.885894668404944e-05,0.00015125535719562322,0.00020567011961247772,0.0001149788367911242,1.228881683346117e-05,0
vq_4096_64d_random,00002441_179a8df075c94d0596b1f20d_step_010,179a8df075c94d0596b1f20d,brep_invalid,audited,True,True,False,False,0.00034621552913449705,0.00043756741797551513,0.0008899392560124397,0.0001548348955111578,0.0003052646934520453,0
vq_4096_64d_random,00081451_22cff4ffbc7ecf283fa8bf38_step_000,22cff4ffbc7ecf283fa8bf38,brep_invalid,audited,True,False,False,False,9.55523646553047e-05,0.00022610754240304232,0.0004965951084159315,4.5782504457747564e-05,2.302172470081132e-05,0
vq_4096_64d_random,00047472_197769bbdd814278b715d88a_step_000,197769bbdd814278b715d88a,brep_invalid,audited,True,True,False,False,0.000404030317440629,0.0008354822057299316,0.002133113332092762,0.00016429374227300286,0.00025215919595211744,0
vq_4096_64d_random,00095604_0283263d8d8f13ce1bfd782a_step_001,0283263d8d8f13ce1bfd782a,saved,audited,True,True,True,True,4.587459625327028e-05,0.00011980366980424151,0.0002887881710194051,5.835476258653216e-05,1.1220337910344824e-05,0
vq_4096_64d_random,00011427_8f6241b150114a26b91d29a1_step_000,8f6241b150114a26b91d29a1,saved,audited,True,True,True,True,0.00016876598238013685,0.0004790133680216968,0.0005939292022958398,4.807942605111748e-05,4.846596857532859e-05,0
vq_4096_64d_random,00011300_7e57bdca7f5d47418ad70f60_step_000,7e57bdca7f5d47418ad70f60,brep_invalid,audited,True,False,False,False,0.0005134920938871801,0.0010361229069530964,0.0020886287093162537,0.00011518038081703708,0.00027593260165303946,0
vq_4096_64d_random,00094802_e0e5d3217e20015960b1f4bc_step_000,e0e5d3217e20015960b1f4bc,brep_invalid,audited,True,False,False,False,0.0022231671027839184,0.0044527193531394005,0.014143804088234901,0.0007608778541907668,0.00145344075281173,0
vq_4096_64d_random,00016845_33dbc9e6ea684970be61af74_step_000,33dbc9e6ea684970be61af74,assembly_error,no_step,False,,False,False,0.0001322698954027146,0.00034237513318657875,0.0006071127136237919,0.00014067039592191577,3.972353442804888e-05,0
vq_4096_64d_random,00087341_6a73c5e821934d3fe4d0d555_step_000,6a73c5e821934d3fe4d0d555,assembly_error,no_step,False,,False,False,0.008982391096651554,0.017932943999767303,0.023877114057540894,0.00010044030204880983,0.00531036825850606,0
vq_4096_64d_random,00076198_7fde7438ca5d3ccb8a1dd1f4_step_000,7fde7438ca5d3ccb8a1dd1f4,brep_invalid,audited,True,False,False,False,0.0016297755064442754,0.005535769276320934,0.010277025401592255,8.332398283528164e-05,4.526865450316109e-05,0
vq_4096_64d_random,00059687_760d1454bb604b12b41c1b4f_step_000,760d1454bb604b12b41c1b4f,saved,audited,True,True,True,True,0.00029728328809142113,0.0008654693956486881,0.0014946135925129056,7.07611907273531e-05,7.914039451861754e-05,0
vq_4096_64d_random,00051988_07c71470b81f4563a51961d1_step_000,07c71470b81f4563a51961d1,saved,audited,True,False,True,False,0.00037169785355217755,0.00017428341379854828,0.0002701594203244895,0.00013593301991932094,0.0004638246609829366,0
vq_4096_64d_random,00051587_446e8810d6884cae80689579_step_000,446e8810d6884cae80689579,brep_invalid,audited,True,False,False,False,8.665761561132967e-05,0.0001945328403962776,0.00023923949629534036,0.00010511956497794017,3.2719995942898095e-05,0
vq_4096_64d_random,00058318_b0522469aa7444609fdb8648_step_000,b0522469aa7444609fdb8648,saved,audited,True,True,True,True,6.565932562807575e-05,0.00014321831986308098,0.00019185326527804136,0.00011890081805177033,3.2419768103864044e-05,0
vq_4096_64d_random,00082898_758f08aa258ddc34258e2fe9_step_000,758f08aa258ddc34258e2fe9,saved,audited,True,True,True,True,0.00011382443335605785,0.0002876963117159903,0.000396097224438563,0.00017206867050845176,3.215734614059329e-05,0
vq_4096_64d_random,00075126_e15ecd8d25124bd08c56c2bc_step_002,e15ecd8d25124bd08c56c2bc,saved,audited,True,False,True,False,0.0006769782048650086,0.0009964813943952322,0.0020621558651328087,0.0001439418556401506,0.0005432326579466462,0
vq_4096_64d_random,00095733_8b325d2fcb27ec9e79388602_step_000,8b325d2fcb27ec9e79388602,assembly_error,no_step,False,,False,False,0.007573130540549755,0.022138195112347603,0.029933864250779152,0.0007001207559369504,0.002308650640770793,0
vq_4096_64d_random,00076803_56aa612fe4b0d96590376629_step_000,56aa612fe4b0d96590376629,saved,audited,True,True,True,True,7.433453720295802e-05,0.00013508567644748837,0.00016734219389036298,7.05726197338663e-05,5.224320921115577e-05,0
vq_4096_64d_random,00062906_ad77c1a0803945928422e4e1_step_000,ad77c1a0803945928422e4e1,brep_invalid,audited,True,True,False,False,0.0006874221144244075,0.0012530524982139468,0.0016009964747354388,0.0008418459328822792,0.00044060172513127327,0
vq_4096_64d_random,00078600_65d953d0cc37aa64abab0684_step_000,65d953d0cc37aa64abab0684,brep_invalid,audited,True,True,False,False,0.00029099095263518393,0.0005809752619825304,0.0006868919008411467,7.787081995047629e-05,0.00014277674199547619,0
vq_4096_64d_random,00028130_3be1e5c18e464a6b98b6d317_step_000,3be1e5c18e464a6b98b6d317,saved,audited,True,True,True,True,0.00020012291497550905,0.0005837219068780541,0.0008120408747345209,0.00030466538737528026,4.668330802815035e-05,0
vq_4096_64d_random,00032101_674d8fea687f4d9bbca6599b_step_000,674d8fea687f4d9bbca6599b,brep_invalid,audited,True,False,False,False,5.979582783766091e-05,0.00010155011113965884,,0.00010155011113965884,3.891868982464075e-05,0
vq_4096_64d_random,00067391_7a3b816e2d7a4b15a9f9c018_step_001,7a3b816e2d7a4b15a9f9c018,brep_invalid,audited,True,False,False,False,5.165591210243292e-05,0.00014007772551849484,0.00017818561173044145,0.00012391073687467724,1.5201309906842653e-05,0
vq_4096_64d_random,00008763_affd199038524a1c8e3b7ad4_step_001,affd199038524a1c8e3b7ad4,brep_invalid,audited,True,False,False,False,0.0009448076016269624,0.0021421073470264673,0.003806451102718711,0.00032646002364344895,0.0005006480496376753,0
continuous_bypass_64d,00066307_28655d45c4dc4e378db24d63_step_000,28655d45c4dc4e378db24d63,saved,audited,True,True,True,True,1.9782299204962328e-05,5.914494613534771e-05,9.931932436302304e-05,6.6092297856812365e-06,6.051142008800525e-06,0
continuous_bypass_64d,00094558_0ea6b42282af322cf84de9f6_step_001,0ea6b42282af322cf84de9f6,saved,audited,True,True,True,True,5.20391540703713e-06,9.245076398656238e-06,1.283396704820916e-05,5.656186203850666e-06,3.81837526219897e-06,0
continuous_bypass_64d,00025294_1cf07fcd3c9543f9891c6541_step_003,1cf07fcd3c9543f9891c6541,saved,audited,True,True,True,True,5.3549683798337355e-06,1.0056256542156916e-05,1.5180038644757587e-05,5.664443051500712e-06,3.4450706607458415e-06,0
continuous_bypass_64d,00062859_49e91e08b7e245a19d4746f2_step_000,49e91e08b7e245a19d4746f2,saved,audited,True,True,True,True,7.419911071337992e-06,1.577381044626236e-05,2.0679221051977947e-05,5.962986506347079e-06,4.382129645819077e-06,0
continuous_bypass_64d,00054752_0184c3ca39c94850b2d318ef_step_000,0184c3ca39c94850b2d318ef,saved,audited,True,True,True,True,5.94262655795319e-06,8.01096211944241e-06,1.0692167961678933e-05,5.329755822458537e-06,5.115291969559621e-06,0
continuous_bypass_64d,00093612_ff1d07e0ce7a0e8af6a968e8_step_000,ff1d07e0ce7a0e8af6a968e8,brep_invalid,audited,True,False,False,False,3.934037886210717e-05,8.404699474340305e-05,0.0001889839768409729,1.8461372746969573e-05,2.1904797904426232e-05,0
continuous_bypass_64d,00028117_97daece11acf4d7aa4dce06e_step_000,97daece11acf4d7aa4dce06e,saved,audited,True,True,True,True,5.96064273850061e-06,1.3406352991296444e-05,3.4527321986388415e-05,4.957964847562835e-06,3.0650885491922963e-06,0
continuous_bypass_64d,00058174_7a6e01fafd7e49ff83747fbc_step_000,7a6e01fafd7e49ff83747fbc,saved,audited,True,True,True,True,0.00013304843741934747,0.0004445173544809222,0.0008824365213513374,6.59820216242224e-06,4.164738129475154e-06,0
continuous_bypass_64d,00013998_2a899e196c7f4c74b63a568f_step_001,2a899e196c7f4c74b63a568f,saved,audited,True,True,True,True,6.665666205663001e-06,1.2603611139638815e-05,1.3628924534714315e-05,1.2193489055789541e-05,3.894625024258858e-06,0
continuous_bypass_64d,00094259_b8aef52e624b95f2186bac46_step_000,b8aef52e624b95f2186bac46,saved,audited,True,True,True,True,9.919343028741423e-06,2.3364624212263152e-05,3.0015440643182956e-05,6.737584044458345e-06,4.6906225179554895e-06,0
continuous_bypass_64d,00022263_295837f17fa84514a64dd1d0_step_000,295837f17fa84514a64dd1d0,saved,audited,True,True,True,True,7.960400580486748e-06,1.984164737223182e-05,4.778338552569039e-05,6.606083388760453e-06,3.274839855293976e-06,0
continuous_bypass_64d,00051602_7f1947595ae247e0a4a32f43_step_000,7f1947595ae247e0a4a32f43,brep_invalid,audited,True,False,False,False,0.0008657411672174931,0.0009596224408596754,0.0013026715023443103,1.6237841919064522e-05,0.0008296329178847373,0
continuous_bypass_64d,00019270_24850bfcb0244cdc90272395_step_000,24850bfcb0244cdc90272395,saved,audited,True,True,True,True,3.35564300257829e-06,7.107668807293521e-06,,7.107668807293521e-06,1.8548321349953767e-06,0
continuous_bypass_64d,00085351_04f486b5f5add93c1cc93423_step_001,04f486b5f5add93c1cc93423,saved,audited,True,True,True,True,4.835440449824091e-06,8.45025533635635e-06,1.1101971722382586e-05,6.682443654426606e-06,3.192343228874961e-06,0
continuous_bypass_64d,00063603_02451900b6324f6aa2c2c262_step_000,02451900b6324f6aa2c2c262,saved,audited,True,True,True,True,3.5081288842775393e-06,6.747439783794107e-06,1.2676216101681348e-05,4.37592916568974e-06,2.248396867798874e-06,0
continuous_bypass_64d,00033086_9412b644af2240c3ab6b6248_step_001,9412b644af2240c3ab6b6248,saved,audited,True,True,True,True,6.996415322646499e-06,1.2155992408224847e-05,1.2722261999442708e-05,9.51339188759448e-06,4.803594947588863e-06,0
continuous_bypass_64d,00098452_bfab08be45c79c7628312c2f_step_000,bfab08be45c79c7628312c2f,saved,audited,True,True,True,True,3.980378824053332e-05,8.915124453778844e-06,9.365108780912124e-06,8.315145350934472e-06,5.5248117860173807e-05,0
continuous_bypass_64d,00030409_d4832457062d4a429daacc20_step_000,d4832457062d4a429daacc20,brep_invalid,audited,True,True,False,False,3.11390649585519e-05,2.7166543077328242e-05,4.4680469727609307e-05,7.26436110198847e-06,3.2917236239882186e-05,0
continuous_bypass_64d,00099781_56d5a9a4e4b02da21ba14586_step_000,56d5a9a4e4b02da21ba14586,saved,audited,True,True,True,True,6.100671271269675e-06,1.0907148862315807e-05,1.7721831682138145e-05,4.092469225724926e-06,4.178080416750163e-06,0
continuous_bypass_64d,00029780_a4788d5955c04fe1886666b7_step_000,a4788d5955c04fe1886666b7,saved,audited,True,True,True,True,9.168591532215942e-06,1.677192994975485e-05,1.3816995306115132e-05,1.683616756054107e-05,5.8597324823495e-06,0
continuous_bypass_64d,00053623_a17f8fdc818840b0b93ccf9e_step_000,a17f8fdc818840b0b93ccf9e,saved,audited,True,True,True,True,8.148408596753143e-06,1.9044655346078798e-05,2.8703709176625125e-05,4.556076419248711e-06,3.6083056329516694e-06,0
continuous_bypass_64d,00000444_4ed4c78d6d754aac90876fc2_step_003,4ed4c78d6d754aac90876fc2,brep_invalid,audited,True,False,False,False,4.855539827985922e-06,8.60562977322843e-06,1.4152286894386634e-05,6.386967470461968e-06,3.5430082334642066e-06,0
continuous_bypass_64d,00037452_8ca2379d1f164603b5fc0f71_step_000,8ca2379d1f164603b5fc0f71,saved,audited,True,True,True,True,8.336830433108844e-06,8.143134436977562e-06,1.1279887985438108e-05,7.4827657954301685e-06,8.41933251649607e-06,0
continuous_bypass_64d,00006371_3fd9de0ad042479b8b17d3cc_step_000,3fd9de0ad042479b8b17d3cc,saved,audited,True,True,True,True,5.260067155177239e-06,5.196426627662731e-06,,5.196426627662731e-06,5.286583473207429e-06,0
continuous_bypass_64d,00023412_6e7c64361943421e9f4ebbdd_step_000,6e7c64361943421e9f4ebbdd,brep_invalid,audited,True,True,False,False,8.070983312791213e-05,0.00027826739824377,0.000876585952937603,6.3044494709174614e-06,4.543053364614025e-06,0
continuous_bypass_64d,00040516_91d64014ed984f1ab80c2540_step_000,91d64014ed984f1ab80c2540,saved,audited,True,True,True,True,5.007085746910889e-06,7.232033567561302e-06,9.821999810810667e-06,5.28955933987163e-06,4.033670848002657e-06,0
continuous_bypass_64d,00026168_a368bf89a777429eb28641e3_step_000,a368bf89a777429eb28641e3,saved,audited,True,True,True,True,0.0004016596358269453,0.0013516368344426155,0.001687962794676423,6.332981683954131e-06,5.835816409671679e-06,0
continuous_bypass_64d,00050336_ebe3681766c14dec85c4ffd6_step_000,ebe3681766c14dec85c4ffd6,saved,audited,True,True,True,True,8.273065759567544e-06,1.614568827790208e-05,3.2140967960003763e-05,7.005529369052965e-06,5.386437806009781e-06,0
continuous_bypass_64d,00093480_56ca6c21e4b0747e94b5fd0c_step_000,56ca6c21e4b0747e94b5fd0c,saved,audited,True,False,True,False,0.001820770208723843,0.0054474398493766785,0.00661052018404007,1.972763129742816e-05,7.435497082042275e-06,0
continuous_bypass_64d,00044862_20ff2d12baed4ba699895a12_step_000,20ff2d12baed4ba699895a12,brep_invalid,audited,True,False,False,False,4.0544455259805545e-06,5.5058326324797235e-06,,5.5058326324797235e-06,3.490016524665407e-06,0
continuous_bypass_64d,00061931_dcdd8a95feac4121adfd341f_step_000,dcdd8a95feac4121adfd341f,brep_invalid,audited,True,False,False,False,0.009805954061448574,0.02440744638442993,0.035249385982751846,1.3093361303617712e-05,0.0045331912115216255,0
continuous_bypass_64d,00067160_2a27016aa44f42c69c1079f7_step_000,2a27016aa44f42c69c1079f7,brep_invalid,audited,True,False,False,False,9.655164467403665e-05,0.000273785408353433,0.0004009739204775542,5.756489190389402e-05,3.440472937654704e-05,0
continuous_bypass_64d,00015417_0bf937b21a0d4774a719e6be_step_000,0bf937b21a0d4774a719e6be,saved,audited,True,True,True,True,1.0513901543163229e-05,1.2907303243991919e-05,1.3035552001383621e-05,1.1881311365868896e-05,9.616376701160334e-06,0
continuous_bypass_64d,00089752_f46bd660f6d729ad341d926a_step_000,f46bd660f6d729ad341d926a,saved,audited,True,True,True,True,7.306081533897668e-05,0.0002490234619472176,0.0008490320760756731,9.019999197334982e-06,4.6308909986692015e-06,0
continuous_bypass_64d,00009210_d7c86b5627294c37b96f2b2a_step_001,d7c86b5627294c37b96f2b2a,brep_invalid,audited,True,False,False,False,0.0019540523644536734,0.0054776109755039215,0.007756865117698908,7.398216894216603e-06,0.0003351203049533069,0
continuous_bypass_64d,00018216_8ebdfa79f4f84261bbc10711_step_000,8ebdfa79f4f84261bbc10711,saved,audited,True,True,True,True,5.042332304583397e-06,1.0633270903781522e-05,3.289001324446872e-05,5.0690850912360474e-06,2.8919719170517055e-06,0
continuous_bypass_64d,00042715_01a17b1a063e40428f287d0c_step_000,01a17b1a063e40428f287d0c,brep_invalid,audited,True,True,False,False,6.16088846072671e-06,1.2577860616147518e-05,2.478738679201342e-05,5.019583568355301e-06,3.888211267621955e-06,0
continuous_bypass_64d,00089531_2fbe1cb926b52e6698a2f1f2_step_000,2fbe1cb926b52e6698a2f1f2,saved,audited,True,True,True,True,1.5774372513988055e-05,3.207745248801075e-05,0.00011414770415285602,1.0352972822147422e-05,1.0210623258899432e-05,0
continuous_bypass_64d,00064437_87571c97a736487da9c4462d_step_000,87571c97a736487da9c4462d,saved,audited,True,True,True,True,7.721160727669485e-06,1.7095249859266914e-05,3.2080184610094875e-05,5.1073075155727565e-06,4.205875939078396e-06,0
continuous_bypass_64d,00070919_7b5d23e3b3174924a75859ea_step_000,7b5d23e3b3174924a75859ea,saved,audited,True,True,True,True,2.8499132440629182e-06,5.453043740999419e-06,,5.453043740999419e-06,1.8582441043690778e-06,0
continuous_bypass_64d,00021272_8b0d4dace1064d53a394f654_step_000,8b0d4dace1064d53a394f654,saved,audited,True,True,True,True,4.508020720095374e-05,6.804571603424847e-05,8.825987606542185e-05,2.1841953639523126e-05,3.56479395122733e-05,0
continuous_bypass_64d,00032137_9241ce05bc07477694e6c966_step_000,9241ce05bc07477694e6c966,brep_invalid,audited,True,True,False,False,9.246795525541529e-05,0.00024119019508361816,0.00037907977821305394,2.450665124342777e-05,2.0116576706641354e-05,0
continuous_bypass_64d,00044266_cb4fe2bf7cc14277b03e550e_step_000,cb4fe2bf7cc14277b03e550e,saved,audited,True,True,True,True,3.721901521203108e-05,9.693865285953507e-05,0.0001151472533820197,1.1965184057771694e-05,5.4929596444708295e-06,0
continuous_bypass_64d,00046632_476e50ea8a1a4f4a92a48363_step_000,476e50ea8a1a4f4a92a48363,saved,audited,True,False,True,False,3.6995548725826666e-05,6.564817886101082e-05,8.629852527519688e-05,1.6087362382677384e-05,2.6171219360549003e-05,0
continuous_bypass_64d,00040705_29efdbc3841d4e90b008be17_step_000,29efdbc3841d4e90b008be17,brep_invalid,audited,True,True,False,False,0.001575521775521338,0.001676195883192122,0.0023020810913294554,7.168731372075854e-06,0.0015251848381012678,0
continuous_bypass_64d,00053399_b8b0d7d11a0745ff88f0c9f8_step_000,b8b0d7d11a0745ff88f0c9f8,saved,audited,True,True,True,True,4.911126779916231e-06,1.0144511179532856e-05,1.3126223166182172e-05,5.174992111278698e-06,3.1295483040594263e-06,0
continuous_bypass_64d,00029576_9fda70814b4b49a7b7711b0a_step_000,9fda70814b4b49a7b7711b0a,saved,audited,True,True,True,True,2.550476210672059e-06,4.259245997673133e-06,,4.259245997673133e-06,1.8588311831990723e-06,0
continuous_bypass_64d,00058806_ff012a6d72d24a3b8cdad1bf_step_000,ff012a6d72d24a3b8cdad1bf,saved,audited,True,True,True,True,9.205115020449739e-06,1.1573685696930625e-05,1.90439895959571e-05,1.0424408174003474e-05,8.359196726814844e-06,0
continuous_bypass_64d,00082652_163ee4579a5b5c47a5204727_step_000,163ee4579a5b5c47a5204727,saved,audited,True,True,True,True,1.2014483218081295e-05,2.3605460228282027e-05,2.554522143327631e-05,1.1966892088821623e-05,5.929220151301706e-06,0
continuous_bypass_64d,00062455_47888b68dba146bf8ea154b6_step_000,47888b68dba146bf8ea154b6,brep_invalid,audited,True,False,False,False,4.976028776582098e-06,8.09102948551299e-06,1.1948274732276332e-05,7.0390524342656136e-06,3.730029220605502e-06,0
continuous_bypass_64d,00023833_c23fa8ad3116430083224a5a_step_000,c23fa8ad3116430083224a5a,saved,audited,True,True,True,True,7.12402743374696e-06,1.1838815225928556e-05,1.1898904631379992e-05,1.1718634596036281e-05,4.766633082908811e-06,0
continuous_bypass_64d,00082964_9042b554b64fd2c8ff358a40_step_000,9042b554b64fd2c8ff358a40,saved,audited,True,True,True,True,4.4066450755053665e-06,7.986081072886009e-06,1.3768717508355621e-05,6.540421509271255e-06,2.97487076750258e-06,0
continuous_bypass_64d,00053039_8abed53813ef4811b9c9999c_step_000,8abed53813ef4811b9c9999c,saved,audited,True,True,True,True,9.742369002196938e-06,2.3895456251921132e-05,2.9856693799956702e-05,6.863338967377786e-06,4.434961738297716e-06,0
continuous_bypass_64d,00034477_37339e3612864099b9b536c0_step_000,37339e3612864099b9b536c0,saved,audited,True,True,True,True,1.2450521353457589e-05,3.119905522908084e-05,5.058214446762577e-05,8.291769518109504e-06,5.63287267141277e-06,0
continuous_bypass_64d,00017804_f80310b7c47d496abd4a42be_step_000,f80310b7c47d496abd4a42be,saved,audited,True,True,True,True,3.4503102597227553e-06,7.2035272751236334e-06,,7.2035272751236334e-06,1.928735628098366e-06,0
continuous_bypass_64d,00021066_91bd70c7097c490fa4b489b1_step_000,91bd70c7097c490fa4b489b1,saved,audited,True,True,True,True,3.8804546420578845e-06,7.933907909318805e-06,2.38336760958191e-05,6.063346972950967e-06,2.340141463719192e-06,0
continuous_bypass_64d,00057726_dd809fd4840842098bdc4775_step_000,dd809fd4840842098bdc4775,saved,audited,True,True,True,True,1.8834110960597172e-05,4.9622707592789084e-05,5.1992436056025326e-05,2.118593874911312e-05,3.439812871874892e-06,0
continuous_bypass_64d,00008471_110e9b58ba504fd681a14cb0_step_003,110e9b58ba504fd681a14cb0,saved,audited,True,True,True,True,7.876396921346895e-06,1.6632988263154402e-05,2.4292816306115128e-05,1.4444466614804696e-05,4.592674940795405e-06,0
continuous_bypass_64d,00032004_b91639b3cc4b41c7bf6a854d_step_000,b91639b3cc4b41c7bf6a854d,assembly_error,no_step,False,,False,False,0.00023232592502608895,0.0006705450941808522,0.0009541976032778621,2.2196423742570914e-05,2.6631209038896486e-05,0
continuous_bypass_64d,00099234_56d5306be4b0a5e7b6f734b6_step_000,56d5306be4b0a5e7b6f734b6,saved,audited,True,True,True,True,1.0182216101384256e-05,2.3224527467391454e-05,3.5481683880789205e-05,7.195932539616479e-06,5.291351499181474e-06,0
continuous_bypass_64d,00044572_2c4eb360300e42af81aa56ef_step_000,2c4eb360300e42af81aa56ef,saved,audited,True,True,True,True,0.00011237028957111761,0.00018196807650383562,0.0004884362570010126,6.843353730801027e-06,8.348064875463024e-05,0
continuous_bypass_64d,00040533_2e5a062663894807a5cb21fb_step_002,2e5a062663894807a5cb21fb,brep_invalid,audited,True,False,False,False,8.72439250088064e-06,1.2301509741519112e-05,1.1819563951576129e-05,1.2622807844309136e-05,6.935833425814053e-06,0
continuous_bypass_64d,00063055_e309c689b9b44f0686f47966_step_000,e309c689b9b44f0686f47966,saved,audited,True,False,True,False,1.517968121333979e-05,3.2673473469913006e-05,7.202841516118497e-05,7.629417268617544e-06,8.881917892722413e-06,0
continuous_bypass_64d,00073885_dab27e634677416083de7a51_step_003,dab27e634677416083de7a51,saved,audited,True,True,True,True,0.00027626266819424927,5.254900679574348e-05,0.00013326111366041005,1.6676953237038106e-05,0.00035704817855730653,0
continuous_bypass_64d,00072557_085af6b71b01489cae846c20_step_000,085af6b71b01489cae846c20,brep_invalid,audited,True,False,False,False,0.00024197850143536925,0.0002622378815431148,0.0004729734791908413,9.35517073230585e-06,0.00023415914620272815,0
continuous_bypass_64d,00082071_e93c957f836d34e1e665f0bc_step_001,e93c957f836d34e1e665f0bc,saved,audited,True,True,True,True,8.104992048174608e-06,1.6920997950364836e-05,3.049204133276362e-05,1.0135478078154847e-05,4.798989721166436e-06,0
continuous_bypass_64d,00041461_306bdd55d96446919ab49bf5_step_000,306bdd55d96446919ab49bf5,saved,audited,True,False,True,False,2.077013414236717e-05,6.424429011531174e-05,0.00013998470967635512,4.733969944936689e-06,4.548430752038257e-06,0
continuous_bypass_64d,00076294_05622137065cf40a5bcffa79_step_000,05622137065cf40a5bcffa79,saved,audited,True,True,True,True,5.686078566213837e-06,9.418721674592234e-06,1.3922216567152645e-05,6.7166247390559874e-06,4.3686750359483995e-06,0
continuous_bypass_64d,00099035_5bb58c4fffe22efa72d1057b_step_000,5bb58c4fffe22efa72d1057b,saved,audited,True,True,True,True,8.886770046956372e-06,2.0585712263709866e-05,4.1334449633723125e-05,6.2211988733906765e-06,3.9372180253849365e-06,0
continuous_bypass_64d,00095863_0fdff2b55aeeabfa69ff33a2_step_000,0fdff2b55aeeabfa69ff33a2,saved,audited,True,True,True,True,3.151186092509306e-06,5.487325324793346e-06,,5.487325324793346e-06,2.238632077933289e-06,0
continuous_bypass_64d,00059512_4c602d653ee9437aa2550d0c_step_000,4c602d653ee9437aa2550d0c,saved,audited,True,True,True,True,9.182403118757065e-06,1.4610770449507982e-05,1.2576255357998889e-05,1.8001630451180972e-05,6.287272753979778e-06,0
continuous_bypass_64d,00093498_78cd6150806188dafe1aec96_step_000,78cd6150806188dafe1aec96,saved,audited,True,True,True,True,3.3489977795397863e-06,7.106430530257057e-06,,7.106430530257057e-06,1.8877742604672676e-06,0
continuous_bypass_64d,00010424_d3e28227a5914aa2a0542b72_step_000,d3e28227a5914aa2a0542b72,brep_invalid,audited,True,True,False,False,0.0009092340478673577,0.002978498348966241,0.0036384863778948784,8.55201233207481e-06,1.6610463717370294e-05,0
continuous_bypass_64d,00056988_bbfee41efd6d47798ad0285c_step_000,bbfee41efd6d47798ad0285c,saved,audited,True,True,True,True,1.661667920416221e-05,4.3181680666748434e-05,0.00016676285304129124,9.477735147811472e-06,6.2858407545718364e-06,0
continuous_bypass_64d,00038708_1bf48b0ea47a45c6a49b8b5e_step_000,1bf48b0ea47a45c6a49b8b5e,saved,audited,True,True,True,True,1.5949670341797173e-05,3.250892405048944e-05,5.221896572038531e-05,2.1422023564809933e-05,8.557144610676914e-06,0
continuous_bypass_64d,00021281_1ef23b4d4fd3467fb3cdc8fb_step_000,1ef23b4d4fd3467fb3cdc8fb,saved,audited,True,True,True,True,3.815541731455596e-06,6.161966666695662e-06,6.343336281133816e-06,6.041054803063162e-06,2.9775324037473183e-06,0
continuous_bypass_64d,00002441_179a8df075c94d0596b1f20d_step_010,179a8df075c94d0596b1f20d,brep_invalid,audited,True,True,False,False,9.597089956514537e-06,1.6092079022200778e-05,2.6499303203308955e-05,9.587563909008168e-06,6.68554412186495e-06,0
continuous_bypass_64d,00081451_22cff4ffbc7ecf283fa8bf38_step_000,22cff4ffbc7ecf283fa8bf38,brep_invalid,audited,True,True,False,False,6.3382658481714316e-06,1.0384130291640759e-05,1.032672207657015e-05,1.0422402738186065e-05,4.090563834324712e-06,0
continuous_bypass_64d,00047472_197769bbdd814278b715d88a_step_000,197769bbdd814278b715d88a,brep_invalid,audited,True,True,False,False,6.177495379233733e-05,0.0001912217994686216,0.0005449015297926962,8.284018804260995e-06,1.6209654859267175e-05,0
continuous_bypass_64d,00095604_0283263d8d8f13ce1bfd782a_step_001,0283263d8d8f13ce1bfd782a,saved,audited,True,True,True,True,6.088141617510701e-06,1.2949557458341587e-05,3.33017815137282e-05,5.54874759473023e-06,2.8718529847537866e-06,0
continuous_bypass_64d,00011427_8f6241b150114a26b91d29a1_step_000,8f6241b150114a26b91d29a1,saved,audited,True,True,True,True,6.9887619247310795e-06,1.2991390576644335e-05,1.5090236956893932e-05,5.120724381413311e-06,4.661210823542206e-06,0
continuous_bypass_64d,00011300_7e57bdca7f5d47418ad70f60_step_000,7e57bdca7f5d47418ad70f60,brep_invalid,audited,True,False,False,False,5.045641228207387e-05,0.00012999409227631986,0.0002642533800099045,1.2517196410044562e-05,1.4302926501841284e-05,0
continuous_bypass_64d,00094802_e0e5d3217e20015960b1f4bc_step_000,e0e5d3217e20015960b1f4bc,saved,audited,True,False,True,False,0.0005587107734754682,0.001824329374358058,0.006390542723238468,8.481970144202933e-05,0.0001217711906065233,0
continuous_bypass_64d,00016845_33dbc9e6ea684970be61af74_step_000,33dbc9e6ea684970be61af74,assembly_error,no_step,False,,False,False,9.397572284797207e-06,2.2562411686521955e-05,3.816443495452404e-05,1.0675157682271674e-05,3.59877208211401e-06,0
continuous_bypass_64d,00087341_6a73c5e821934d3fe4d0d555_step_000,6a73c5e821934d3fe4d0d555,assembly_error,no_step,False,,False,False,0.008466525934636593,0.015994707122445107,0.02132214605808258,1.2388894901960157e-05,0.005378040485084057,0
continuous_bypass_64d,00076198_7fde7438ca5d3ccb8a1dd1f4_step_000,7fde7438ca5d3ccb8a1dd1f4,brep_invalid,audited,True,False,False,False,0.0006357653765007854,0.002190027153119445,0.0040853326208889484,1.0424889296700712e-05,5.263065759208985e-06,0
continuous_bypass_64d,00059687_760d1454bb604b12b41c1b4f_step_000,760d1454bb604b12b41c1b4f,saved,audited,True,True,True,True,6.134169234428555e-05,0.00020911020692437887,0.00036978264688514173,6.155580194899812e-06,4.609137249644846e-06,0
continuous_bypass_64d,00051988_07c71470b81f4563a51961d1_step_000,07c71470b81f4563a51961d1,saved,audited,True,True,True,True,1.7942464182851836e-05,1.025784786179429e-05,1.647629505896475e-05,7.770468073431402e-06,2.1528619981836528e-05,0
continuous_bypass_64d,00051587_446e8810d6884cae80689579_step_000,446e8810d6884cae80689579,brep_invalid,audited,True,False,False,False,7.969206308189314e-06,1.1838458704005461e-05,1.1375732356100343e-05,1.2763906852342188e-05,6.034579655533889e-06,0
continuous_bypass_64d,00058318_b0522469aa7444609fdb8648_step_000,b0522469aa7444609fdb8648,saved,audited,True,True,True,True,4.918900685879635e-06,8.202277967939153e-06,1.1908672604477033e-05,6.349082013912266e-06,3.5117377592541743e-06,0
continuous_bypass_64d,00082898_758f08aa258ddc34258e2fe9_step_000,758f08aa258ddc34258e2fe9,saved,audited,True,True,True,True,6.786074209230719e-06,1.2820853044104297e-05,1.4249073501559906e-05,1.1297418495814782e-05,3.951555754611036e-06,0
continuous_bypass_64d,00075126_e15ecd8d25124bd08c56c2bc_step_002,e15ecd8d25124bd08c56c2bc,assembly_error,no_step,False,,False,False,9.700790542410687e-05,0.0002514859661459923,0.0005563489976339042,7.595508122903993e-06,3.234266841900535e-05,0
continuous_bypass_64d,00095733_8b325d2fcb27ec9e79388602_step_000,8b325d2fcb27ec9e79388602,assembly_error,no_step,False,,False,False,0.004876118618994951,0.018145998939871788,0.02473931945860386,1.43697770909057e-05,7.977654604474083e-05,0
continuous_bypass_64d,00076803_56aa612fe4b0d96590376629_step_000,56aa612fe4b0d96590376629,saved,audited,True,True,True,True,6.327541996142827e-06,1.1114379049104173e-05,1.406663614034187e-05,5.209863047639374e-06,4.586874638334848e-06,0
continuous_bypass_64d,00062906_ad77c1a0803945928422e4e1_step_000,ad77c1a0803945928422e4e1,brep_invalid,audited,True,False,False,False,0.00010287501208949834,0.00030833613709546626,0.0005317975301295519,4.424534199642949e-05,1.321923809882719e-05,0
continuous_bypass_64d,00078600_65d953d0cc37aa64abab0684_step_000,65d953d0cc37aa64abab0684,saved,audited,True,True,True,True,2.5282617571065202e-05,6.579877663170919e-05,7.737663690932095e-05,1.0803947589010932e-05,4.574363174469909e-06,0
continuous_bypass_64d,00028130_3be1e5c18e464a6b98b6d317_step_000,3be1e5c18e464a6b98b6d317,saved,audited,True,True,True,True,9.971064173441846e-06,2.3442600650014356e-05,3.222889790777117e-05,1.2703792890533805e-05,4.582449491863372e-06,0
continuous_bypass_64d,00032101_674d8fea687f4d9bbca6599b_step_000,674d8fea687f4d9bbca6599b,brep_invalid,audited,True,False,False,False,1.1714706488419324e-05,2.1532157916226424e-05,,2.1532157916226424e-05,6.805982593505178e-06,0
continuous_bypass_64d,00067391_7a3b816e2d7a4b15a9f9c018_step_001,7a3b816e2d7a4b15a9f9c018,saved,audited,True,False,True,False,5.091838374937652e-06,9.796279300644528e-06,1.3577576282841619e-05,8.192092536773998e-06,3.1522886274615303e-06,0
continuous_bypass_64d,00008763_affd199038524a1c8e3b7ad4_step_001,affd199038524a1c8e3b7ad4,brep_invalid,audited,True,False,False,False,5.22334776178468e-05,0.0001453515433240682,0.0002664817147888243,1.3209495591581799e-05,1.768967558746226e-05,0
