epoch,train/total_loss,train/recon_loss,train/vq_loss,train/codebook_usage,train/perplexity,train/learning_rate,val/total_loss,val/recon_loss,val/vq_loss,val/codebook_usage,val/perplexity,val/best_loss
71,0.00016351536032743752,9.528377995593473e-05,6.823157309554517e-05,0.034307584166526794,171.62185668945312,9.999999747378752e-05,0.00030375769711099565,0.0002549347118474543,4.8822967073647305e-05,0.927978515625,155.44459533691406,0.00024036651302594692
72,0.00016647917800582945,9.730519377626479e-05,6.917398422956467e-05,0.03438500314950943,172.8212432861328,9.999999747378752e-05,0.000335764983901754,0.00027474958915263414,6.101539111114107e-05,0.916748046875,154.50604248046875,0.00024036651302594692
73,0.0001522103848401457,8.836816414259374e-05,6.384222797350958e-05,0.034264352172613144,170.88018798828125,9.999999747378752e-05,0.00028973922599107027,0.0002480359689798206,4.170324973529205e-05,0.9290771484375,154.89833068847656,0.00024036651302594692
74,0.00015697942581027746,9.404508455190808e-05,6.293434125836939e-05,0.03446144238114357,173.4779510498047,9.999999747378752e-05,0.00028605645638890564,0.00024731591111049056,3.87405525543727e-05,0.9276123046875,156.37962341308594,0.00024036651302594692
75,0.00016024864453356713,9.663146920502186e-05,6.361718260450289e-05,0.03449039161205292,175.0198211669922,9.999999747378752e-05,0.00028679691604338586,0.00025000175810419023,3.679516157717444e-05,0.9288330078125,155.2178192138672,0.00024036651302594692
76,0.0001510303554823622,9.022461017593741e-05,6.080575258238241e-05,0.03448910266160965,173.60740661621094,9.999999747378752e-05,0.00028204513364471495,0.00024340147501789033,3.864366590278223e-05,0.9276123046875,158.07481384277344,0.00024036651302594692
77,0.00015183504729066044,9.197051986120641e-05,5.986452742945403e-05,0.034762222319841385,177.83108520507812,9.999999747378752e-05,0.00030269971466623247,0.0002572268422227353,4.54728833574336e-05,0.926025390625,157.91725158691406,0.00024036651302594692
78,0.00014716041914653033,8.824079122859985e-05,5.891963155590929e-05,0.03464631363749504,176.14370727539062,9.999999747378752e-05,0.00027146594948135316,0.0002357203484280035,3.574559013941325e-05,0.924560546875,155.84901428222656,0.0002357203484280035
79,0.0001636599045014009,0.00010140916128875688,6.225074321264401e-05,0.03500409424304962,180.65585327148438,9.999999747378752e-05,0.00028816229314543307,0.0002501356939319521,3.802659921348095e-05,0.9151611328125,156.69967651367188,0.0002357203484280035
80,0.0001801301841624081,0.00011000208178302273,7.012810237938538e-05,0.03541650250554085,187.5864715576172,9.999999747378752e-05,0.00030105948098935187,0.0002501186972949654,5.094079824630171e-05,0.903564453125,155.9853973388672,0.0002357203484280035
81,0.00017486423894297332,0.00010451597336214036,7.034826558083296e-05,0.03549562394618988,188.91651916503906,9.999999747378752e-05,0.0003005273756571114,0.00025378420832566917,4.6743170969421044e-05,0.9022216796875,158.22657775878906,0.0002357203484280035
82,0.00019069599511567503,0.00011322574573569,7.747024937998503e-05,0.035619575530290604,191.57054138183594,9.999999747378752e-05,0.0003142122586723417,0.00025333312805742025,6.087911606300622e-05,0.904541015625,158.35162353515625,0.0002357203484280035
83,0.0001775451237335801,0.00010258051770506427,7.496460602851585e-05,0.03562331572175026,191.37440490722656,9.999999747378752e-05,0.0003911188687197864,0.0003247218846809119,6.639699131483212e-05,0.9075927734375,156.081298828125,0.0002357203484280035
84,0.00016852965927682817,9.676731860963628e-05,7.176234794314951e-05,0.03555960953235626,188.77426147460938,9.999999747378752e-05,0.0003448670613579452,0.00028598422068171203,5.888284067623317e-05,0.8970947265625,157.14987182617188,0.0002357203484280035
85,0.0001771552488207817,9.948993829311803e-05,7.766531052766368e-05,0.03570284694433212,191.60194396972656,9.999999747378752e-05,0.00036973884562030435,0.0002816032792907208,8.813556632958353e-05,0.8812255859375,156.2113037109375,0.0002357203484280035
86,0.00018193550931755453,9.893567039398476e-05,8.299984619952738e-05,0.035818420350551605,193.36920166015625,9.999999747378752e-05,0.00032895439653657377,0.000262551853666082,6.640253559453413e-05,0.8677978515625,154.8125457763672,0.0002357203484280035
87,0.00020189490169286728,0.00011243862536503002,8.945628360379487e-05,0.035839613527059555,194.47140502929688,9.999999747378752e-05,0.0003175268939230591,0.0002457662485539913,7.176064536906779e-05,0.8580322265625,158.07046508789062,0.0002357203484280035
88,0.00020143200526945293,0.00011045182327507064,9.09801892703399e-05,0.03595714643597603,197.13351440429688,9.999999747378752e-05,0.00032971007749438286,0.0002593978715594858,7.03122204868123e-05,0.8348388671875,157.64566040039062,0.0002357203484280035
89,0.0002045966248260811,0.00010771600500447676,9.688061254564673e-05,0.03601785749197006,198.32858276367188,9.999999747378752e-05,0.0003585630329325795,0.00027247582329437137,8.608722419012338e-05,0.826904296875,156.74160766601562,0.0002357203484280035
90,0.0002334409364266321,0.00011731031554518268,0.00011613061360549182,0.03593866154551506,197.91139221191406,9.999999747378752e-05,0.000564824789762497,0.00041575118666514754,0.00014907361764926463,0.8292236328125,157.38226318359375,0.0002357203484280035
91,0.00020994861552026123,0.00010242794814985245,0.00010752066737040877,0.03599166497588158,197.37933349609375,9.999999747378752e-05,0.00036412125336937606,0.0002739140472840518,9.020722791319713e-05,0.82861328125,156.45257568359375,0.0002357203484280035
92,0.00021052206284366548,0.00010827369260368869,0.0001022483702399768,0.03600800782442093,198.1781768798828,9.999999747378752e-05,0.0003715171478688717,0.0002836605708580464,8.785657701082528e-05,0.7987060546875,156.62974548339844,0.0002357203484280035
93,0.00020213179232086986,0.00010238562390441075,9.97461611405015e-05,0.03598323464393616,198.140380859375,9.999999747378752e-05,0.0003285431885160506,0.000262536748778075,6.600643246201798e-05,0.8028564453125,157.3660430908203,0.0002357203484280035
94,0.0001884720113594085,9.343524288851768e-05,9.503676847089082e-05,0.03592664748430252,196.4037322998047,9.999999747378752e-05,0.00033340026857331395,0.000259607593761757,7.379268208751455e-05,0.7935791015625,157.31280517578125,0.0002357203484280035
95,0.00018631372950039804,9.239138307748362e-05,9.392234642291442e-05,0.03589991107583046,195.88206481933594,9.999999747378752e-05,0.0003232547896914184,0.00025984205421991646,6.341275002341717e-05,0.78564453125,155.64602661132812,0.0002357203484280035
96,0.0001994023914448917,0.00010024130460806191,9.916107956087217e-05,0.035866785794496536,196.39024353027344,9.999999747378752e-05,0.0003604395315051079,0.0002692569396458566,9.118258458329365e-05,0.7452392578125,155.54872131347656,0.0002357203484280035
97,0.00021894497331231833,0.00010599021334201097,0.00011295475997030735,0.035835150629282,195.83119201660156,9.999999747378752e-05,0.0003394060768187046,0.00025521026691421866,8.419579535257071e-05,0.7457275390625,156.5063934326172,0.0002357203484280035
98,0.00020070109167136252,9.507225331617519e-05,0.00010562884563114494,0.03589475527405739,196.784912109375,9.999999747378752e-05,0.0003491771640256047,0.00025993704912252724,8.924011490307748e-05,0.7568359375,153.058837890625,0.0002357203484280035
99,0.00019062668434344232,9.135252912528813e-05,9.927415521815419e-05,0.03589240834116936,196.8389129638672,9.999999747378752e-05,0.000348143745213747,0.00025902347988449037,8.912025077734143e-05,0.7447509765625,156.56414794921875,0.0002357203484280035
100,0.00018581074255052954,9.04886401258409e-05,9.532210242468864e-05,0.035910893231630325,197.92971801757812,9.999999747378752e-05,0.0003384933224879205,0.00026979437097907066,6.869895150884986e-05,0.732177734375,155.77297973632812,0.0002357203484280035
101,0.0001916661422001198,9.25583517528139e-05,9.91077977232635e-05,0.03585974499583244,198.1342010498047,9.999999747378752e-05,0.0005307149258442223,0.00042440887773409486,0.00010630603355821222,0.7314453125,155.40203857421875,0.0002357203484280035
102,0.00021528967772610486,0.00010359489533584565,0.0001116947823902592,0.03576871380209923,197.3783416748047,9.999999747378752e-05,0.0003149834810756147,0.00024408222816418856,7.090126018738374e-05,0.7218017578125,156.3502960205078,0.0002357203484280035
103,0.0001858405739767477,9.036207484314218e-05,9.547849913360551e-05,0.03583876043558121,196.96372985839844,9.999999747378752e-05,0.0003289483720436692,0.0002500989940017462,7.884937804192305e-05,0.7117919921875,155.6494598388672,0.0002357203484280035
104,0.00017669159569777548,8.620239532319829e-05,9.048919309861958e-05,0.035777170211076736,195.9980010986328,9.999999747378752e-05,0.0003364120202604681,0.0002602004969958216,7.621153781656176e-05,0.726806640625,156.05569458007812,0.0002357203484280035
105,0.00019263064314145595,9.543764463160187e-05,9.719299850985408e-05,0.03574855625629425,196.53329467773438,9.999999747378752e-05,0.0003199211787432432,0.00024921432486735284,7.070686115184799e-05,0.705322265625,156.07830810546875,0.0002357203484280035
106,0.00019173353211954236,9.558341844240203e-05,9.615011367714033e-05,0.03575185686349869,196.8885040283203,9.999999747378752e-05,0.00033685294329188764,0.0002671013062354177,6.975165160838515e-05,0.6868896484375,152.59432983398438,0.0002357203484280035
107,0.00018937332788482308,9.416128159500659e-05,9.52120462898165e-05,0.03577454015612602,196.97885131835938,9.999999747378752e-05,0.00032316564465872943,0.00025413071853108704,6.903492612764239e-05,0.709228515625,156.09478759765625,0.0002357203484280035
108,0.00018663605442270637,9.480312291998416e-05,9.18329315027222e-05,0.03573298454284668,196.79335021972656,9.999999747378752e-05,0.00032017691410146654,0.0002515999658498913,6.857696280349046e-05,0.685791015625,155.48887634277344,0.0002357203484280035
109,0.00018563351477496326,8.836874621920288e-05,9.7264775831718e-05,0.03569812700152397,196.98948669433594,9.999999747378752e-05,0.0003554245922714472,0.0002764302771538496,7.899432966951281e-05,0.6815185546875,155.19004821777344,0.0002357203484280035
110,0.0002063444844679907,0.00010156849020859227,0.00010477600153535604,0.03573625907301903,197.98263549804688,9.999999747378752e-05,0.0003448031784500927,0.00025342838489450514,9.137478627962992e-05,0.66845703125,155.07421875,0.0002357203484280035
111,0.00020247406791895628,9.694376785773784e-05,0.00010553030733717605,0.035708826035261154,197.8278045654297,9.999999747378752e-05,0.0003892233653459698,0.0002893577911891043,9.986558143282309e-05,0.709228515625,153.06077575683594,0.0002357203484280035
112,0.00018232950242236257,8.608981443103403e-05,9.623968071537092e-05,0.035780083388090134,197.99685668945312,9.999999747378752e-05,0.00032041562371887267,0.00025301368441432714,6.740193202858791e-05,0.6715087890625,154.04541015625,0.0002357203484280035
113,0.0001838019088609144,9.115633292822167e-05,9.264556865673512e-05,0.03571365028619766,197.38372802734375,9.999999747378752e-05,0.00031694481731392443,0.0002495444496162236,6.740036769770086e-05,0.6754150390625,155.22781372070312,0.0002357203484280035
114,0.00018417624232824892,8.993821393232793e-05,9.423802111996338e-05,0.03565646708011627,196.43402099609375,9.999999747378752e-05,0.0003618815680965781,0.00027684474480338395,8.503683056915179e-05,0.6768798828125,154.81756591796875,0.0002357203484280035
115,0.00022075358720030636,0.0001084649920812808,0.00011228859511902556,0.03565974161028862,197.34507751464844,9.999999747378752e-05,0.0003145010559819639,0.00024291973386425525,7.158131484175101e-05,0.6893310546875,155.5213165283203,0.0002357203484280035
116,0.00017992634093388915,8.94964614417404e-05,9.042987949214876e-05,0.03572210296988487,198.0537109375,9.999999747378752e-05,0.00030532307573594153,0.00024183215282391757,6.349090836010873e-05,0.676513671875,153.4630584716797,0.0002357203484280035
117,0.000169568374985829,8.28366755740717e-05,8.673169213579968e-05,0.035668712109327316,196.00604248046875,9.999999747378752e-05,0.00031924640643410385,0.00024431475321762264,7.493165321648121e-05,0.6636962890625,154.35836791992188,0.0002357203484280035
118,0.00017417222261428833,8.646513015264645e-05,8.770709246164188e-05,0.03564257174730301,196.98719787597656,9.999999747378752e-05,0.0003347754245623946,0.0002590121002867818,7.576333155157045e-05,0.65185546875,154.5922088623047,0.0002357203484280035
119,0.0001887402613647282,9.41095786402002e-05,9.463069000048563e-05,0.03561408445239067,196.74411010742188,9.999999747378752e-05,0.00036990002263337374,0.00027890203637070954,9.099797171074897e-05,0.65771484375,154.11380004882812,0.0002357203484280035
120,0.00018996934522874653,9.226724796462804e-05,9.770209726411849e-05,0.03562328964471817,196.07272338867188,9.999999747378752e-05,0.0003160466440021992,0.00024581531761214137,7.023131911410019e-05,0.6707763671875,153.80596923828125,0.0002357203484280035
121,0.00017945391300600022,8.925708243623376e-05,9.019682329380885e-05,0.035625480115413666,196.0782470703125,9.999999747378752e-05,0.00034650583984330297,0.00027345307171344757,7.305277540581301e-05,0.6514892578125,155.1019287109375,0.0002357203484280035
122,0.00023339723702520132,0.00012205443636048585,0.00011134280066471547,0.0356278270483017,197.16241455078125,9.999999747378752e-05,0.00031673096236772835,0.00023894164769444615,7.77893146732822e-05,0.6541748046875,155.4198760986328,0.0002357203484280035
123,0.000188919497304596,9.22240869840607e-05,9.66954103205353e-05,0.03568088263273239,197.587158203125,9.999999747378752e-05,0.0003136678715236485,0.00023936480283737183,7.430305413436145e-05,0.66064453125,155.63539123535156,0.0002357203484280035
124,0.0001905416138470173,9.522466280031949e-05,9.53169510466978e-05,0.03568603843450546,197.48570251464844,9.999999747378752e-05,0.0003077443689107895,0.00023840556968934834,6.933879194548354e-05,0.6729736328125,155.46832275390625,0.0002357203484280035
125,0.00021459684649016708,0.00010925091191893443,0.00010534593457123265,0.03564365580677986,197.21812438964844,9.999999747378752e-05,0.000451340718427673,0.0003493822878226638,0.00010195843788096681,0.66015625,154.917724609375,0.0002357203484280035
126,0.00018648324476089329,9.13581025088206e-05,9.512514225207269e-05,0.03574022650718689,198.2440948486328,9.999999747378752e-05,0.0003191831347066909,0.0002476075023878366,7.157563231885433e-05,0.6778564453125,154.9571533203125,0.0002357203484280035
127,0.0001824262726586312,8.9175024186261e-05,9.325124847237021e-05,0.03565048798918724,196.752197265625,9.999999747378752e-05,0.0003094988642260432,0.0002367189881624654,7.277987606357783e-05,0.6556396484375,155.6956329345703,0.0002357203484280035
128,0.0001774620614014566,8.535147935617715e-05,9.211058204527944e-05,0.03570485860109329,197.37057495117188,9.999999747378752e-05,0.00031546453828923404,0.0002461034164298326,6.936112913535908e-05,0.6688232421875,156.23439025878906,0.0002357203484280035
129,0.00016472286370117217,8.067415183177218e-05,8.404870459344238e-05,0.035695239901542664,196.91714477539062,9.999999747378752e-05,0.00030230448464863,0.0002392084279563278,6.309605669230223e-05,0.6624755859375,154.39231872558594,0.0002357203484280035
130,0.00017790630226954818,8.709381654625759e-05,9.081247844733298e-05,0.03561101853847504,196.28208923339844,9.999999747378752e-05,0.0003346132580190897,0.0002516891690902412,8.29240889288485e-05,0.658935546875,155.31796264648438,0.0002357203484280035
131,0.0001804374624043703,8.80137158674188e-05,9.242374653695151e-05,0.035678666085004807,197.2454376220703,9.999999747378752e-05,0.0003241130616515875,0.0002445813443046063,7.953172462293878e-05,0.6474609375,155.36912536621094,0.0002357203484280035
132,0.000183308104169555,8.504664583597332e-05,9.826145833358169e-05,0.03565847873687744,196.90972900390625,9.999999747378752e-05,0.0003401521244086325,0.0002547280746512115,8.542405703337863e-05,0.6519775390625,152.82041931152344,0.0002357203484280035
133,0.00016687279276084155,7.69465186749585e-05,8.992627408588305e-05,0.035656288266181946,197.3153533935547,9.999999747378752e-05,0.00030388226150535047,0.00024142756592482328,6.245469558052719e-05,0.6480712890625,155.0120391845703,0.0002357203484280035
134,0.00015429718769155443,7.258642290253192e-05,8.171077206498012e-05,0.03567688539624214,197.0047149658203,9.999999747378752e-05,0.0002984690072480589,0.00023569862241856754,6.27703993814066e-05,0.64697265625,153.38595581054688,0.00023569862241856754
135,0.0001532126625534147,7.314388494705781e-05,8.006877033039927e-05,0.03570769354701042,197.5636444091797,9.999999747378752e-05,0.0003013245586771518,0.00023752871493343264,6.3795865571592e-05,0.654541015625,155.17489624023438,0.00023569862241856754
136,0.00015861776773817837,7.495971658499911e-05,8.365805115317926e-05,0.03564901649951935,196.4145965576172,9.999999747378752e-05,0.0003089408855885267,0.0002428237785352394,6.611710705328733e-05,0.6568603515625,155.7300262451172,0.00023569862241856754
137,0.00015928981883917004,7.712366641499102e-05,8.21661451482214e-05,0.0356866829097271,197.3448944091797,9.999999747378752e-05,0.00030886047170497477,0.00023953559866640717,6.932488031452522e-05,0.6400146484375,155.34368896484375,0.00023569862241856754
138,0.0001632264902582392,7.599626405863091e-05,8.723023347556591e-05,0.03556809201836586,196.1869354248047,9.999999747378752e-05,0.00032365278457291424,0.0002463709388393909,7.728185300948098e-05,0.631591796875,154.70892333984375,0.00023569862241856754
139,0.00016487573157064617,7.47190133552067e-05,9.015671821543947e-05,0.035587064921855927,196.48300170898438,9.999999747378752e-05,0.0004472405998967588,0.0003288612933829427,0.00011837931378977373,0.6243896484375,153.35162353515625,0.00023569862241856754
140,0.00015936831186991185,7.337099668802693e-05,8.59973079059273e-05,0.03561212494969368,196.763427734375,9.999999747378752e-05,0.00028073799330741167,0.00022681683185510337,5.392117236624472e-05,0.64990234375,155.06517028808594,0.00022681683185510337
141,0.00015961348253767937,7.55443106754683e-05,8.406916458625346e-05,0.03564251959323883,197.61550903320312,9.999999747378752e-05,0.0003156304301228374,0.0002401622332399711,7.546819688286632e-05,0.637939453125,154.7857208251953,0.00022681683185510337
142,0.00015739315131213516,7.2290058596991e-05,8.510309271514416e-05,0.03569413349032402,198.19998168945312,9.999999747378752e-05,0.0003105797804892063,0.00023351149866357446,7.706829637754709e-05,0.6558837890625,155.38897705078125,0.00022681683185510337
143,0.00020205149485263973,0.00011093033390352502,9.112116822507232e-05,0.035611145198345184,197.26193237304688,9.999999747378752e-05,0.0002917174715548754,0.00023253526887856424,5.918220995226875e-05,0.6417236328125,153.8113555908203,0.00022681683185510337
144,0.00014954712241888046,7.35053326934576e-05,7.604179700138047e-05,0.03566422685980797,197.76278686523438,9.999999747378752e-05,0.0002810838050208986,0.00022658055240754038,5.450325625133701e-05,0.656494140625,155.3344268798828,0.00022658055240754038
145,0.00015382793208118528,7.475924212485552e-05,7.906868268037215e-05,0.03562573716044426,197.6508331298828,9.999999747378752e-05,0.0005447699804790318,0.00036934021045453846,0.00017542978457640857,0.68798828125,154.62745666503906,0.00022658055240754038
146,0.0001595250505488366,7.55397486500442e-05,8.398530189879239e-05,0.03560266271233559,197.03663635253906,9.999999747378752e-05,0.00029224861646071076,0.00023467147548217326,5.7577148254495114e-05,0.643310546875,155.37286376953125,0.00022658055240754038
147,0.0001509133871877566,7.150713645387441e-05,7.94062580098398e-05,0.03565574437379837,197.110107421875,9.999999747378752e-05,0.0002850133751053363,0.00022431815159507096,6.0695205320371315e-05,0.643310546875,154.96270751953125,0.00022431815159507096
148,0.00015392870409414172,7.054451270960271e-05,8.33841841085814e-05,0.03564803674817085,197.2191162109375,9.999999747378752e-05,0.00028685195138677955,0.0002273899590363726,5.946198507444933e-05,0.64697265625,155.48658752441406,0.00022431815159507096
149,0.0001480667560826987,6.924656918272376e-05,7.882017962401733e-05,0.03563455492258072,196.8488311767578,9.999999747378752e-05,0.0002936589007731527,0.00023214037355501205,6.151851266622543e-05,0.630859375,154.95068359375,0.00022431815159507096
150,0.00013980388757772744,6.381758430507034e-05,7.59863032726571e-05,0.035661596804857254,196.70498657226562,9.999999747378752e-05,0.00028958762413822114,0.00022775318939238787,6.183442019391805e-05,0.6446533203125,155.0782012939453,0.00022431815159507096
151,0.0001418147439835593,6.496084097307175e-05,7.685391028644517e-05,0.03565499931573868,197.16978454589844,9.999999747378752e-05,0.00031240814132615924,0.00023178770788945258,8.062042616074905e-05,0.635009765625,155.32191467285156,0.00022431815159507096
152,0.00013977279013488442,6.286358257057145e-05,7.690920756431296e-05,0.03561300039291382,197.55361938476562,9.999999747378752e-05,0.000288428709609434,0.00022565580729860812,6.27729095867835e-05,0.6422119140625,155.1322784423828,0.00022431815159507096
153,0.00014696668949909508,6.672239396721125e-05,8.024430280784145e-05,0.03568294271826744,197.99436950683594,9.999999747378752e-05,0.00031474922434426844,0.0002475964720360935,6.715275958413258e-05,0.6446533203125,155.46875,0.00022431815159507096
154,0.0001469560229452327,6.830666825408116e-05,7.864935469115153e-05,0.035637546330690384,197.71109008789062,9.999999747378752e-05,0.00029591162456199527,0.00023320743639487773,6.270418816711754e-05,0.6453857421875,155.86195373535156,0.00022431815159507096
155,0.00015193389845080674,7.217896200018004e-05,7.97549364506267e-05,0.03560805320739746,197.6261749267578,9.999999747378752e-05,0.00029703255859203637,0.00023570549092255533,6.132706039352342e-05,0.64208984375,155.55641174316406,0.00022431815159507096
156,0.00013664468133356422,6.222255615284666e-05,7.442211790475994e-05,0.03566128760576248,197.6839599609375,9.999999747378752e-05,0.00030496003455482423,0.00023942625557538122,6.553376442752779e-05,0.627197265625,155.0800018310547,0.00022431815159507096
157,0.0001711561344563961,7.468101102858782e-05,9.647512342780828e-05,0.035578351467847824,196.5808563232422,9.999999747378752e-05,0.00029504220583476126,0.00022513032308779657,6.991187547100708e-05,0.626953125,155.03929138183594,0.00022431815159507096
158,0.00013546142145060003,6.0421094531193376e-05,7.504031964344904e-05,0.03563519939780235,197.1281280517578,9.999999747378752e-05,0.0003132856800220907,0.00024401253904215991,6.927313370397314e-05,0.636962890625,155.32679748535156,0.00022431815159507096
159,0.00017294762074016035,7.628850289620459e-05,9.665911784395576e-05,0.0355198048055172,196.6917266845703,9.999999747378752e-05,0.0002972619258798659,0.00022917371825315058,6.808821490267292e-05,0.6197509765625,154.34808349609375,0.00022431815159507096
160,0.00017708935774862766,8.340639033121988e-05,9.368296014145017e-05,0.035595908761024475,197.4917449951172,9.999999747378752e-05,0.000312217598548159,0.00023388346016872674,7.833414565538988e-05,0.6259765625,154.59640502929688,0.00022431815159507096
161,0.0001602372358320281,7.088503480190411e-05,8.935219375416636e-05,0.03558443859219551,197.4250946044922,9.999999747378752e-05,0.0002925457083620131,0.00022857873409520835,6.396698881871998e-05,0.645751953125,155.84185791015625,0.00022431815159507096
162,0.00014161053695715964,6.539648165926337e-05,7.621405529789627e-05,0.03567080199718475,198.0246124267578,9.999999747378752e-05,0.0003039486473426223,0.00023724396305624396,6.670468428637832e-05,0.62744140625,155.52967834472656,0.00022431815159507096
163,0.0001488038251409307,6.793448847020045e-05,8.086932939477265e-05,0.03556956350803375,197.1544952392578,9.999999747378752e-05,0.0002784805838018656,0.00022114053717814386,5.734005753765814e-05,0.62646484375,155.16708374023438,0.00022114053717814386
164,0.00015402732242364436,6.877621490275487e-05,8.525110752088949e-05,0.03554295748472214,197.16201782226562,9.999999747378752e-05,0.0003617940528783947,0.0002591668744571507,0.00010262717842124403,0.6341552734375,152.5913543701172,0.00022114053717814386
165,0.00014722034393344074,6.421200669137761e-05,8.300833724206313e-05,0.03560810536146164,197.56431579589844,9.999999747378752e-05,0.00028225762071087956,0.0002171363594243303,6.512126128654927e-05,0.63037109375,155.1748504638672,0.0002171363594243303
166,0.00020760764891747385,0.00010959270730381832,9.801494161365554e-05,0.035599492490291595,197.5911865234375,9.999999747378752e-05,0.0002780830254778266,0.00022987618285696954,4.8206849896814674e-05,0.721435546875,155.1636962890625,0.0002171363594243303
167,0.00013226180453784764,6.737314106430858e-05,6.488867074949667e-05,0.035796791315078735,198.8461151123047,9.999999747378752e-05,0.00028866916545666754,0.0002321348583791405,5.6534296163590625e-05,0.6624755859375,154.87884521484375,0.0002171363594243303
168,0.00014169790665619075,6.912436947459355e-05,7.25735371815972e-05,0.03564736619591713,197.84548950195312,9.999999747378752e-05,0.00032040936639532447,0.00025307590840384364,6.733347254339606e-05,0.6658935546875,154.21240234375,0.0002171363594243303
169,0.00013414699060376734,6.299572123680264e-05,7.115126209100708e-05,0.035620659589767456,197.68955993652344,9.999999747378752e-05,0.0002949946210719645,0.0002285219670739025,6.647266854997724e-05,0.635498046875,154.2520294189453,0.0002171363594243303
170,0.0001353394181933254,6.305592978606e-05,7.228348113130778e-05,0.03556894138455391,196.8826446533203,9.999999747378752e-05,0.00028140004724264145,0.00022557942429557443,5.582063749898225e-05,0.633056640625,155.4073944091797,0.0002171363594243303
171,0.00013969828432891518,6.517147994600236e-05,7.452681165887043e-05,0.0355711355805397,197.13821411132812,9.999999747378752e-05,0.0002818475477397442,0.00022541609359905124,5.643145050271414e-05,0.6214599609375,154.99618530273438,0.0002171363594243303
172,0.00013425678480416536,5.996241088723764e-05,7.429438119288534e-05,0.03559064865112305,197.2284698486328,9.999999747378752e-05,0.0002830860030371696,0.00023040614905767143,5.267985397949815e-05,0.6317138671875,155.12449645996094,0.0002171363594243303
173,0.00013471761485561728,6.01995961915236e-05,7.451801502611488e-05,0.03559379652142525,197.1282958984375,9.999999747378752e-05,0.0002949951449409127,0.00023276776482816786,6.222737283678725e-05,0.6298828125,155.62290954589844,0.0002171363594243303
174,0.00014971315977163613,6.962205225136131e-05,8.00911002443172e-05,0.035487450659275055,195.28005981445312,9.999999747378752e-05,0.0003187677066307515,0.00023905308626126498,7.97146130935289e-05,0.62109375,153.651611328125,0.0002171363594243303
175,0.00014214610564522445,6.107141234679148e-05,8.107468602247536e-05,0.03550459444522858,195.26988220214844,9.999999747378752e-05,0.0002950112975668162,0.00022039828763809055,7.461300992872566e-05,0.6148681640625,154.89837646484375,0.0002171363594243303
176,0.00014020383241586387,6.185220991028473e-05,7.835162250557914e-05,0.035501010715961456,195.45533752441406,9.999999747378752e-05,0.0002732581633608788,0.00021841222769580781,5.484595021698624e-05,0.6278076171875,155.0686492919922,0.0002171363594243303
177,0.00014160366845317185,6.407395994756371e-05,7.752971578156576e-05,0.03556378558278084,197.3854217529297,9.999999747378752e-05,0.00030222462373785675,0.0002370542351854965,6.517037400044501e-05,0.6116943359375,154.39047241210938,0.0002171363594243303
178,0.00013593677431344986,5.9362220781622455e-05,7.657455716980621e-05,0.0355149582028389,195.91244506835938,9.999999747378752e-05,0.00030470205820165575,0.00023906645947135985,6.563560600625351e-05,0.61767578125,153.68898010253906,0.0002171363594243303
179,0.00013336447591427714,5.8949386584572494e-05,7.441508932970464e-05,0.03547925129532814,195.48350524902344,9.999999747378752e-05,0.0002965961175505072,0.00023839825007598847,5.8197871112497523e-05,0.612060546875,153.35934448242188,0.0002171363594243303
180,0.000146667065564543,6.653737364104018e-05,8.012969919946045e-05,0.03545896336436272,194.79942321777344,9.999999747378752e-05,0.00028362759621813893,0.0002230696118203923,6.05579734838102e-05,0.6092529296875,153.60020446777344,0.0002171363594243303
181,0.00014372590521816164,6.222735828487203e-05,8.149855420924723e-05,0.03543388098478317,194.98875427246094,9.999999747378752e-05,0.00034933610004372895,0.0002545001916587353,9.483590838499367e-05,0.6181640625,153.509521484375,0.0002171363594243303
182,0.00013932371803093702,6.012563972035423e-05,7.91980855865404e-05,0.0355299636721611,196.1534423828125,9.999999747378752e-05,0.0002865653077606112,0.00022721491404809058,5.935039007454179e-05,0.6260986328125,154.96742248535156,0.0002171363594243303
183,0.0001324717450188473,5.89007577218581e-05,7.357098365901038e-05,0.03551642969250679,196.01638793945312,9.999999747378752e-05,0.0003204957174602896,0.00024361601390410215,7.687971083214507e-05,0.6141357421875,155.00637817382812,0.0002171363594243303
184,0.00016832999244797975,8.119461563182995e-05,8.71353768161498e-05,0.03549095615744591,196.24276733398438,9.999999747378752e-05,0.0003459061263129115,0.000264766305917874,8.113984222291037e-05,0.6490478515625,154.75448608398438,0.0002171363594243303
185,0.00013703314471058547,6.148775719339028e-05,7.55453875171952e-05,0.035573143512010574,197.38394165039062,9.999999747378752e-05,0.0002858266234397888,0.0002321729698451236,5.3653657232644036e-05,0.616943359375,154.87608337402344,0.0002171363594243303
186,0.00014642765745520592,6.932251562830061e-05,7.71051345509477e-05,0.035551153123378754,197.05091857910156,9.999999747378752e-05,0.00033909737248905003,0.0002489672042429447,9.013016824610531e-05,0.6043701171875,153.79310607910156,0.0002171363594243303
187,0.00013770977966487408,5.94224693486467e-05,7.828730304026976e-05,0.03552769497036934,197.07757568359375,9.999999747378752e-05,0.00030182331101968884,0.00023881638480816036,6.30069334874861e-05,0.6082763671875,153.709716796875,0.0002171363594243303
188,0.00013453529390972108,5.899871393921785e-05,7.553657633252442e-05,0.03555896505713463,197.27114868164062,9.999999747378752e-05,0.00027557587600313127,0.00022442580666393042,5.1150080253137276e-05,0.6201171875,155.2428436279297,0.0002171363594243303
189,0.000127849358250387,5.6730474170763046e-05,7.111887680366635e-05,0.03549399971961975,196.88722229003906,9.999999747378752e-05,0.00028189457952976227,0.00022435488062910736,5.753970253863372e-05,0.6180419921875,155.3917236328125,0.0002171363594243303
190,0.00015711080050095916,7.438784814439714e-05,8.272295963251963e-05,0.035480257123708725,196.92303466796875,9.999999747378752e-05,0.00030293726013042033,0.0002394398907199502,6.349736213451251e-05,0.600341796875,153.21746826171875,0.0002171363594243303
191,0.00013015484728384763,5.5330478062387556e-05,7.482437649741769e-05,0.03551977872848511,197.4040069580078,9.999999747378752e-05,0.00029341745539568365,0.0002327187394257635,6.0698719607898965e-05,0.59765625,154.8075714111328,0.0002171363594243303
192,0.00013193914492148906,5.815426629851572e-05,7.378486770903692e-05,0.03550485149025917,196.9011993408203,9.999999747378752e-05,0.0002978600386995822,0.00024390872567892075,5.395132029661909e-05,0.597412109375,154.432861328125,0.0002171363594243303
193,0.00013781996676698327,6.029558426234871e-05,7.752438978059217e-05,0.03549899905920029,196.81285095214844,9.999999747378752e-05,0.00032731768442317843,0.0002517542743589729,7.556341734016314e-05,0.6060791015625,154.20697021484375,0.0002171363594243303
194,0.00013884469808544964,6.108063826104626e-05,7.776405982440338e-05,0.03546043485403061,196.15159606933594,9.999999747378752e-05,0.00028540808125399053,0.00022340142459142953,6.200666393851861e-05,0.593994140625,153.19622802734375,0.0002171363594243303
195,0.000150423584273085,6.981983460718766e-05,8.060374238993973e-05,0.0354304239153862,195.83819580078125,9.999999747378752e-05,0.0002714269212447107,0.00021758289949502796,5.3844032663619146e-05,0.6212158203125,154.14932250976562,0.0002171363594243303
196,0.00012148552923463285,5.172503733774647e-05,6.976049189688638e-05,0.03547927737236023,195.05934143066406,9.999999747378752e-05,0.00028060388285666704,0.00022751896176487207,5.308492109179497e-05,0.604736328125,154.6336212158203,0.0002171363594243303
197,0.00012099996820325032,5.144723036210053e-05,6.955273420317098e-05,0.03543400764465332,195.17642211914062,9.999999747378752e-05,0.00028276900411583483,0.0002289827389176935,5.378626156016253e-05,0.5992431640625,154.01084899902344,0.0002171363594243303
198,0.0001243268052348867,5.126855830894783e-05,7.305823964998126e-05,0.03537187725305557,195.01564025878906,9.999999747378752e-05,0.0002983363519888371,0.00023204176977742463,6.629458221141249e-05,0.59619140625,154.60682678222656,0.0002171363594243303
199,0.00012345562572591007,5.101921851746738e-05,7.243639993248507e-05,0.035403817892074585,195.00059509277344,9.999999747378752e-05,0.00027418675017543137,0.00021839891269337386,5.578784839599393e-05,0.6058349609375,154.9711151123047,0.0002171363594243303
200,0.0001220218327944167,5.008542211726308e-05,7.193641067715362e-05,0.03540956974029541,195.53506469726562,9.999999747378752e-05,0.0003258748911321163,0.00024773820769041777,7.813667616574094e-05,0.603759765625,153.36534118652344,0.0002171363594243303
201,0.00012472465459723026,5.319471165421419e-05,7.152993930503726e-05,0.03540268540382385,195.4622344970703,9.999999747378752e-05,0.00028582062805071473,0.00022875945433042943,5.706118463422172e-05,0.5966796875,154.75146484375,0.0002171363594243303
202,0.00011948156316066161,5.022510595154017e-05,6.925645720912144e-05,0.03539631888270378,194.98532104492188,9.999999747378752e-05,0.000292775162961334,0.00023533790954388678,5.743725341744721e-05,0.5958251953125,154.53900146484375,0.0002171363594243303
203,0.00013014228898100555,5.605264232144691e-05,7.408964302157983e-05,0.03538688272237778,195.27462768554688,9.999999747378752e-05,0.00028463295893743634,0.00022700295085087419,5.7630011724540964e-05,0.607421875,154.88137817382812,0.0002171363594243303
204,0.0001202942876261659,5.107557444716804e-05,6.921871681697667e-05,0.03545272350311279,196.0516815185547,9.999999747378752e-05,0.0003090208338107914,0.000230513556743972,7.850726979086176e-05,0.584716796875,153.15478515625,0.0002171363594243303
205,0.00013342472084332258,5.876945942873135e-05,7.465525413863361e-05,0.03542555123567581,196.40597534179688,9.999999747378752e-05,0.00029537815134972334,0.0002324573724763468,6.292077159741893e-05,0.595947265625,153.19541931152344,0.0002171363594243303
206,0.00011753812577808276,4.951851224177517e-05,6.801960989832878e-05,0.035468168556690216,196.81130981445312,9.999999747378752e-05,0.00028179920627735555,0.0002247468801215291,5.7052333431784064e-05,0.595947265625,154.1637725830078,0.0002171363594243303
207,0.00013247640163172036,5.558189513976686e-05,7.68945028539747e-05,0.035459376871585846,196.9939727783203,9.999999747378752e-05,0.000280396721791476,0.00022272812202572823,5.76686070417054e-05,0.60009765625,155.26068115234375,0.0002171363594243303
208,0.00011479889508336782,4.696297401096672e-05,6.78359210724011e-05,0.03544728457927704,196.7176055908203,9.999999747378752e-05,0.00027267844416201115,0.00022091710707172751,5.176134072826244e-05,0.5887451171875,154.3081817626953,0.0002171363594243303
209,0.00011375831672921777,4.676316530094482e-05,6.699515506625175e-05,0.03543630242347717,196.52920532226562,9.999999747378752e-05,0.00028304129955358803,0.0002259477332700044,5.709356992156245e-05,0.59228515625,154.53697204589844,0.0002171363594243303
210,0.00011607557826209813,4.793608241016045e-05,6.813948857598007e-05,0.03545115143060684,196.7032928466797,9.999999747378752e-05,0.00028026371728628874,0.00022619903029408306,5.406468699220568e-05,0.5875244140625,153.58807373046875,0.0002171363594243303
211,0.00011705509677994996,4.662134961108677e-05,7.043374353088439e-05,0.03544957935810089,196.6309356689453,9.999999747378752e-05,0.0002858511288650334,0.00022387599165085703,6.197511538630351e-05,0.58984375,154.19195556640625,0.0002171363594243303
212,0.00011247851944062859,4.619297033059411e-05,6.628555274801329e-05,0.03544251620769501,196.80667114257812,9.999999747378752e-05,0.0002961790014524013,0.0002322732616448775,6.390573253156617e-05,0.5765380859375,154.10952758789062,0.0002171363594243303
213,0.00012799420801457018,5.5163873184937984e-05,7.283033482963219e-05,0.035350944846868515,196.09027099609375,9.999999747378752e-05,0.000344448140822351,0.0002615818229969591,8.286631054943427e-05,0.56884765625,152.84320068359375,0.0002171363594243303
214,0.00012581920600496233,5.042019620304927e-05,7.539900980191305e-05,0.035327766090631485,195.6394805908203,9.999999747378752e-05,0.000289701740257442,0.0002290368574904278,6.066490459488705e-05,0.5703125,153.83001708984375,0.0002171363594243303
215,0.00011623805039562285,4.602028275257908e-05,7.021776400506496e-05,0.03534888103604317,195.9451904296875,9.999999747378752e-05,0.00027930151554755867,0.000222835224121809,5.646629506372847e-05,0.5677490234375,153.83401489257812,0.0002171363594243303
216,0.00011779367196140811,4.749984873342328e-05,7.029382686596364e-05,0.035416968166828156,196.3056640625,9.999999747378752e-05,0.00026886200066655874,0.00021744449622929096,5.14175153512042e-05,0.591064453125,154.28526306152344,0.0002171363594243303
217,0.00011789468408096582,4.8297602916136384e-05,6.959708116482943e-05,0.0353170670568943,195.4773712158203,9.999999747378752e-05,0.00030402507400140166,0.00023265506024472415,7.137001375667751e-05,0.56884765625,153.81369018554688,0.0002171363594243303
218,0.00011356764298398048,4.480777352000587e-05,6.875987310195342e-05,0.03533325716853142,195.1920166015625,9.999999747378752e-05,0.00032217736588791013,0.0002332295262021944,8.894783968571573e-05,0.5849609375,152.80001831054688,0.0002171363594243303
219,0.00011083486606366932,4.43709286628291e-05,6.646393740084022e-05,0.03533008694648743,194.5836944580078,9.999999747378752e-05,0.0002870949683710933,0.0002330126444576308,5.408232027548365e-05,0.580810546875,152.55751037597656,0.0002171363594243303
220,0.00011495254875626415,4.571864701574668e-05,6.923390174051747e-05,0.0353175587952137,195.01193237304688,9.999999747378752e-05,0.00027700886130332947,0.00022011753753758967,5.689132012776099e-05,0.581298828125,154.32142639160156,0.0002171363594243303
221,0.00011641016317298636,4.816094588022679e-05,6.824921729275957e-05,0.035315416753292084,195.3572540283203,9.999999747378752e-05,0.00030904210871085525,0.00024369628226850182,6.534581916639581e-05,0.5572509765625,152.58599853515625,0.0002171363594243303
222,0.00011830705625470728,4.6893277612980455e-05,7.141377864172682e-05,0.035291802138090134,195.4923858642578,9.999999747378752e-05,0.00027685100212693214,0.00021677615586668253,6.0074831708334386e-05,0.57373046875,154.5265655517578,0.00021677615586668253
223,0.00011175718100275844,4.403569982969202e-05,6.772147753508762e-05,0.03533230349421501,195.84568786621094,9.999999747378752e-05,0.0002774879976641387,0.0002251495752716437,5.233841875451617e-05,0.563720703125,153.59506225585938,0.00021677615586668253
224,0.00011198614083696157,4.4040283682988957e-05,6.79458535159938e-05,0.03531639650464058,195.59230041503906,9.999999747378752e-05,0.00027258676709607244,0.0002220483438577503,5.053843415225856e-05,0.573486328125,153.71136474609375,0.00021677615586668253
225,0.00011118961265310645,4.4129574234830216e-05,6.706003478029743e-05,0.03524509072303772,194.99053955078125,9.999999747378752e-05,0.00028150764410384,0.00022968114353716373,5.182650056667626e-05,0.573974609375,153.72509765625,0.00021677615586668253
226,0.00010907171963481233,4.2770585423568264e-05,6.630113057326525e-05,0.03525999188423157,195.1879119873047,9.999999747378752e-05,0.0002897587255574763,0.00022657962108496577,6.317910447251052e-05,0.5635986328125,153.37086486816406,0.00021677615586668253
227,0.0001103168397094123,4.362497202237137e-05,6.669186404906213e-05,0.03523439168930054,194.78480529785156,9.999999747378752e-05,0.00029972949414514005,0.00023818686895538121,6.154263246571645e-05,0.5701904296875,152.12745666503906,0.00021677615586668253
228,0.00011672987602651119,4.693744267569855e-05,6.979243335081264e-05,0.03517061099410057,194.6079864501953,9.999999747378752e-05,0.0002866685972549021,0.00022768756025470793,5.8981044276151806e-05,0.5634765625,153.61880493164062,0.00021677615586668253
229,0.00013845153443980962,6.294944614637643e-05,7.550208101747558e-05,0.035260170698165894,195.46563720703125,9.999999747378752e-05,0.00026235313271172345,0.00021735245536547154,4.500068462220952e-05,0.5863037109375,154.0353546142578,0.00021677615586668253
230,0.00011668454681057483,4.6965440560597926e-05,6.97191062499769e-05,0.035349708050489426,195.75836181640625,9.999999747378752e-05,0.00027652777498587966,0.00021994351118337363,5.658426744048484e-05,0.5740966796875,153.3809051513672,0.00021677615586668253
231,0.00012941230670548975,5.608134961221367e-05,7.33309643692337e-05,0.03534189611673355,195.4580535888672,9.999999747378752e-05,0.0002653335686773062,0.0002165152836823836,4.881828135694377e-05,0.5762939453125,154.7442169189453,0.0002165152836823836
232,0.00010456486779730767,4.000762783107348e-05,6.455723632825539e-05,0.03533795103430748,193.7321014404297,9.999999747378752e-05,0.00028301263228058815,0.00023267962387762964,5.0333019316894934e-05,0.563232421875,152.42686462402344,0.0002165152836823836
233,0.00010921865759883076,4.260764762875624e-05,6.661100633209571e-05,0.03525658696889877,193.50003051757812,9.999999747378752e-05,0.0002759660128504038,0.00022330295178107917,5.266306106932461e-05,0.560302734375,153.70428466796875,0.0002165152836823836
234,0.00011212995741516352,4.27502891398035e-05,6.937966827536002e-05,0.03520221635699272,193.59841918945312,9.999999747378752e-05,0.00030268693808466196,0.00022452733537647873,7.815960270818323e-05,0.5579833984375,153.15635681152344,0.0002165152836823836
235,0.00011189497308805585,4.3309399188729e-05,6.858557753730565e-05,0.03520144149661064,193.8407440185547,9.999999747378752e-05,0.0003050674276892096,0.00023030901502352208,7.475840538972989e-05,0.5556640625,153.06394958496094,0.0002165152836823836
236,0.00011273190466454253,4.330142473918386e-05,6.943048356333748e-05,0.03515354171395302,191.9706573486328,9.999999747378752e-05,0.00028383510652929544,0.00022183341206982732,6.200167263159528e-05,0.54833984375,151.90606689453125,0.0002165152836823836
237,0.00011311024718452245,4.223576979711652e-05,7.087447738740593e-05,0.035092469304800034,191.83871459960938,9.999999747378752e-05,0.00029038937645964324,0.00022643823467660695,6.395114178303629e-05,0.5604248046875,154.14796447753906,0.0002165152836823836
238,0.00011140880815219134,4.30728068749886e-05,6.833600491518155e-05,0.03519115597009659,193.11734008789062,9.999999747378752e-05,0.0002873612102121115,0.00023357986356131732,5.378134301281534e-05,0.552490234375,151.4739532470703,0.0002165152836823836
239,0.00010711514187278226,4.1408729885006323e-05,6.570640834979713e-05,0.03513095900416374,191.82066345214844,9.999999747378752e-05,0.00027668121038004756,0.00022287268075160682,5.380853690439835e-05,0.553955078125,153.17967224121094,0.0002165152836823836
240,0.00010922237561317161,4.209008693578653e-05,6.713228503940627e-05,0.03514343872666359,192.36019897460938,9.999999747378752e-05,0.00030784535920247436,0.00022657401859760284,8.12713333289139e-05,0.549560546875,151.36981201171875,0.0002165152836823836
241,0.00011044941493310034,4.3112027924507856e-05,6.733738700859249e-05,0.03510971739888191,192.55149841308594,9.999999747378752e-05,0.0002977370750159025,0.00023171606881078333,6.602101348107681e-05,0.5389404296875,152.23008728027344,0.0002165152836823836
242,0.00010939771891571581,4.1344606870552525e-05,6.80531156831421e-05,0.035117167979478836,192.34254455566406,9.999999747378752e-05,0.0002928132889792323,0.00023404649982694536,5.876677460037172e-05,0.5518798828125,151.02847290039062,0.0002165152836823836
243,0.00010784273035824299,4.0873830585042015e-05,6.696890341117978e-05,0.035095203667879105,191.7590789794922,9.999999747378752e-05,0.0002781835210043937,0.00022345103207044303,5.473248165799305e-05,0.5452880859375,153.9545440673828,0.0002165152836823836
244,0.00011055492359446362,4.2613897676346824e-05,6.79410295560956e-05,0.03510824590921402,192.49679565429688,9.999999747378752e-05,0.00038579656393267214,0.00026878141216002405,0.00011701514449669048,0.610595703125,152.29884338378906,0.0002165152836823836
245,0.00011919014650629833,4.7141918912529945e-05,7.204822759376839e-05,0.03509832173585892,193.1126251220703,9.999999747378752e-05,0.00027085718465968966,0.00021823406859766692,5.262311970000155e-05,0.5491943359375,150.55557250976562,0.0002165152836823836
246,0.00011220098531339318,4.531982631306164e-05,6.688115536235273e-05,0.03516277298331261,193.1920928955078,9.999999747378752e-05,0.0002854270860552788,0.0002271128905704245,5.8314202760811895e-05,0.54345703125,151.59486389160156,0.0002165152836823836
247,0.00010986693814629689,4.3923526391154155e-05,6.594341539312154e-05,0.03512997925281525,192.12319946289062,9.999999747378752e-05,0.0002774068561848253,0.0002200243907282129,5.738247273257002e-05,0.5457763671875,152.88851928710938,0.0002165152836823836
248,0.00012042647722410038,4.96348220622167e-05,7.079165516188368e-05,0.03501309081912041,190.99510192871094,9.999999747378752e-05,0.0002889266179408878,0.00023196786059997976,5.6958750064950436e-05,0.5281982421875,152.06971740722656,0.0002165152836823836
249,0.00011572172661544755,4.5208314986666664e-05,7.05134152667597e-05,0.035137586295604706,192.78968811035156,9.999999747378752e-05,0.0002824817202053964,0.00022642068506684154,5.6061053328448907e-05,0.54296875,153.80113220214844,0.0002165152836823836
250,0.00014160618593450636,6.474727706518024e-05,7.685891614528373e-05,0.03518316522240639,193.65408325195312,9.999999747378752e-05,0.0002731892454903573,0.00022203144908417016,5.115779276820831e-05,0.564208984375,152.678955078125,0.0002165152836823836
251,0.00012193164729978889,4.9775266234064475e-05,7.215637742774561e-05,0.035225752741098404,194.36497497558594,9.999999747378752e-05,0.00027152858092449605,0.0002185460034525022,5.2982588385930285e-05,0.5439453125,153.220703125,0.0002165152836823836
252,0.00012779730604961514,5.419089939096011e-05,7.360641029663384e-05,0.03510750085115433,192.90345764160156,9.999999747378752e-05,0.00029157864628359675,0.00023097002122085541,6.060862506274134e-05,0.5291748046875,151.1589813232422,0.0002165152836823836
253,0.00013543255045078695,5.788876296719536e-05,7.754378748359159e-05,0.03519582375884056,193.88491821289062,9.999999747378752e-05,0.0003019358846358955,0.00024424659204669297,5.768929986516014e-05,0.558349609375,150.50344848632812,0.0002165152836823836
254,0.00010673670476535335,4.235053347656503e-05,6.438617128878832e-05,0.03523678705096245,193.745849609375,9.999999747378752e-05,0.00034937544842250645,0.00027268394478596747,7.669150363653898e-05,0.6016845703125,152.5151824951172,0.0002165152836823836
255,0.00012261360825505108,5.2459763537626714e-05,7.015384471742436e-05,0.03517037630081177,193.45013427734375,9.999999747378752e-05,0.0002743393706623465,0.0002255449362564832,4.87944416818209e-05,0.54345703125,150.3780059814453,0.0002165152836823836
256,0.00011313303548377007,4.6402474254136905e-05,6.673056486761197e-05,0.03518937900662422,194.862548828125,9.999999747378752e-05,0.0002942833525594324,0.00023940390383359045,5.4879441449884325e-05,0.532958984375,153.0676727294922,0.0002165152836823836
257,0.00012314083869569004,5.0106755224987864e-05,7.303408347070217e-05,0.03519425168633461,195.15798950195312,9.999999747378752e-05,0.00029596369131468236,0.00023947515001054853,5.648854858009145e-05,0.5894775390625,151.5589599609375,0.0002165152836823836
258,0.000124256475828588,5.177877756068483e-05,7.247769826790318e-05,0.03520030900835991,195.19522094726562,9.999999747378752e-05,0.0002905628934968263,0.0002351171860937029,5.544570740312338e-05,0.5250244140625,152.83148193359375,0.0002165152836823836
259,0.0001270593493245542,5.172676173970103e-05,7.533259486081079e-05,0.03515429049730301,194.64370727539062,9.999999747378752e-05,0.00029206997714936733,0.00023148403852246702,6.05859313509427e-05,0.5269775390625,153.87132263183594,0.0002165152836823836
260,0.00012714375043287873,5.347061960492283e-05,7.367313810391352e-05,0.03511330112814903,194.0143585205078,9.999999747378752e-05,0.00029654617537744343,0.00023459662043023854,6.194955494720489e-05,0.5341796875,153.2516632080078,0.0002165152836823836
261,0.00011982461728621274,4.971195448888466e-05,7.011266279732808e-05,0.03518711030483246,194.2554931640625,9.999999747378752e-05,0.00028125024982728064,0.00022962424554862082,5.16259933647234e-05,0.5406494140625,153.46983337402344,0.0002165152836823836
262,0.00011028752487618476,4.4860687921755016e-05,6.542683695442975e-05,0.03513258323073387,193.15557861328125,9.999999747378752e-05,0.00027945617330260575,0.00022850038658361882,5.0955779443029314e-05,0.54345703125,150.74913024902344,0.0002165152836823836
263,0.00011819178325822577,4.8773981689009815e-05,6.941780156921595e-05,0.0350542888045311,192.83599853515625,9.999999747378752e-05,0.00030411765328608453,0.00024370492610614747,6.041273445589468e-05,0.5567626953125,150.54946899414062,0.0002165152836823836
264,0.00011352135334163904,4.5441982365446165e-05,6.807937461417168e-05,0.035151660442352295,193.11721801757812,9.999999747378752e-05,0.0002720547781791538,0.00022237093071453273,4.96838656545151e-05,0.531494140625,153.0605926513672,0.0002165152836823836
265,0.00011361661017872393,4.568041185848415e-05,6.793619832023978e-05,0.03512252867221832,193.4759521484375,9.999999747378752e-05,0.00027973236865364015,0.00022998395434115082,4.9748432502383366e-05,0.5489501953125,152.33897399902344,0.0002165152836823836
266,0.00010976166231557727,4.25506332248915e-05,6.721103272866458e-05,0.03506191819906235,192.3483123779297,9.999999747378752e-05,0.0002996605762746185,0.00023555028019472957,6.411028152797371e-05,0.52978515625,152.82569885253906,0.0002165152836823836
267,0.00011804470705101267,4.8303532821591944e-05,6.974118150537834e-05,0.03505248203873634,192.304931640625,9.999999747378752e-05,0.0003186376125086099,0.0002427368744974956,7.59007380111143e-05,0.5228271484375,151.01016235351562,0.0002165152836823836
268,0.0001130727250711061,4.486881516641006e-05,6.820390990469605e-05,0.0350775420665741,192.5301971435547,9.999999747378752e-05,0.00029924677801318467,0.00022717721003573388,7.206955342553556e-05,0.5328369140625,151.43507385253906,0.0002165152836823836
269,0.00011446052667452022,4.646334855351597e-05,6.799717812100425e-05,0.03514307737350464,194.04808044433594,9.999999747378752e-05,0.0002661655016709119,0.0002105516177834943,5.561389116337523e-05,0.54296875,151.7865447998047,0.0002105516177834943
270,0.0001263413141714409,5.3651107009500265e-05,7.269019988598302e-05,0.03523501008749008,195.2841339111328,9.999999747378752e-05,0.00025306129828095436,0.0002116179239237681,4.1443367081228644e-05,0.5765380859375,154.18231201171875,0.0002105516177834943
271,0.00010051684512291104,4.23502096964512e-05,5.8166635426459834e-05,0.035319697111845016,195.19178771972656,9.999999747378752e-05,0.00027706538094207644,0.0002299136103829369,4.715178511105478e-05,0.565673828125,152.8839111328125,0.0002105516177834943
272,0.00011158064444316551,4.819031528313644e-05,6.339032552205026e-05,0.035225726664066315,193.83209228515625,9.999999747378752e-05,0.0002787848934531212,0.00023281577159650624,4.596911821863614e-05,0.539306640625,153.3453369140625,0.0002105516177834943
273,0.00012112304830225185,5.026085636927746e-05,7.086218829499558e-05,0.03529126197099686,195.08888244628906,9.999999747378752e-05,0.00027381975087337196,0.00022360247385222465,5.0217284297104925e-05,0.5540771484375,152.03297424316406,0.0002105516177834943
274,0.00010607672447804362,4.277310290490277e-05,6.330361793516204e-05,0.03517455235123634,193.60787963867188,9.999999747378752e-05,0.0002867210132535547,0.00023024133406579494,5.647966463584453e-05,0.5242919921875,152.8745880126953,0.0002105516177834943
275,0.00010899185872403905,4.310255462769419e-05,6.588930409634486e-05,0.0351322740316391,193.0413055419922,9.999999747378752e-05,0.00029410707065835595,0.00024009926710277796,5.400779264164157e-05,0.5408935546875,150.35227966308594,0.0002105516177834943
276,0.00010167735308641568,3.9397753425873816e-05,6.227959966054186e-05,0.03507981076836586,191.87594604492188,9.999999747378752e-05,0.0003131055855192244,0.0002440591633785516,6.904640758875757e-05,0.546142578125,150.91094970703125,0.0002105516177834943
277,0.00010420291073387489,4.071095827384852e-05,6.349194882204756e-05,0.035060372203588486,192.6139678955078,9.999999747378752e-05,0.0002700008044485003,0.00022365650511346757,4.6344295697053894e-05,0.537353515625,151.73873901367188,0.0002105516177834943
278,0.00010390414536232129,4.040963904117234e-05,6.349450995912775e-05,0.03508736565709114,192.62832641601562,9.999999747378752e-05,0.00026780396001413465,0.00022237647499423474,4.542747774394229e-05,0.5296630859375,150.82318115234375,0.0002105516177834943
279,9.94872534647584e-05,3.7861049349885434e-05,6.162620411487296e-05,0.0350612998008728,192.59213256835938,9.999999747378752e-05,0.0002763388038147241,0.00022648977756034583,4.9849029892357066e-05,0.5255126953125,150.87351989746094,0.0002105516177834943
280,0.0001016867536236532,3.8460730138467625e-05,6.322602712316439e-05,0.03508267179131508,192.65638732910156,9.999999747378752e-05,0.00028286827728152275,0.00022367815836332738,5.919011164223775e-05,0.5301513671875,151.99920654296875,0.0002105516177834943
281,0.00011007070861523971,4.223517680657096e-05,6.783553544664755e-05,0.03502048924565315,192.6026153564453,9.999999747378752e-05,0.00027548737125471234,0.00022467330563813448,5.0814065616577864e-05,0.5277099609375,151.33511352539062,0.0002105516177834943
282,0.00010207164450548589,3.837373878923245e-05,6.369790207827464e-05,0.03501226752996445,191.36407470703125,9.999999747378752e-05,0.0002755790192168206,0.00022110863937996328,5.4470372560899705e-05,0.52783203125,153.44744873046875,0.0002105516177834943
283,0.0001084546311176382,4.2153740650974214e-05,6.630089046666399e-05,0.03492940962314606,190.64955139160156,9.999999747378752e-05,0.0002842160174623132,0.00022978574270382524,5.443026020657271e-05,0.5203857421875,152.61700439453125,0.0002105516177834943
284,0.00010140165977645665,3.7560257624136284e-05,6.384140579029918e-05,0.03493345528841019,190.36502075195312,9.999999747378752e-05,0.0002801394439302385,0.00022729442571289837,5.2845014579361305e-05,0.523681640625,150.74667358398438,0.0002105516177834943
285,0.00010114935867022723,3.730701428139582e-05,6.384234438883141e-05,0.034961145371198654,189.17140197753906,9.999999747378752e-05,0.00027963987668044865,0.00022491578420158476,5.472408884088509e-05,0.52490234375,150.47703552246094,0.0002105516177834943
286,0.00010265274613630027,3.8102523831184953e-05,6.455022230511531e-05,0.03495242819190025,190.0001678466797,9.999999747378752e-05,0.00028976210160180926,0.00023270829115062952,5.705381045117974e-05,0.5166015625,150.72787475585938,0.0002105516177834943
287,9.772669000085443e-05,3.6566754715749994e-05,6.115993892308325e-05,0.03493987396359444,190.42202758789062,9.999999747378752e-05,0.00027509380015544593,0.00022783945314586163,4.725435792352073e-05,0.526611328125,149.1130828857422,0.0002105516177834943
288,0.00010497472248971462,4.047872789669782e-05,6.44959945930168e-05,0.03492693230509758,190.78311157226562,9.999999747378752e-05,0.000297452206723392,0.00023982989659998566,5.762231376138516e-05,0.5159912109375,148.12684631347656,0.0002105516177834943
289,9.999707981478423e-05,3.739040403161198e-05,6.260667578317225e-05,0.03481602668762207,188.01710510253906,9.999999747378752e-05,0.00027150416281074286,0.00022459830506704748,4.6905861381674185e-05,0.5181884765625,148.21649169921875,0.0002105516177834943
290,0.0001015825109789148,3.812774593825452e-05,6.345476140268147e-05,0.03491277992725372,189.06967163085938,9.999999747378752e-05,0.00029317199368961155,0.00023312198754865676,6.005002433084883e-05,0.5166015625,150.7881317138672,0.0002105516177834943
291,9.772194607648998e-05,3.673410901683383e-05,6.098783342167735e-05,0.03497942164540291,191.74398803710938,9.999999747378752e-05,0.0002722173521760851,0.0002222480979980901,4.9969254177995026e-05,0.5206298828125,152.09124755859375,0.0002105516177834943
292,9.933447290677577e-05,3.74024712073151e-05,6.193199806148186e-05,0.034926727414131165,190.13641357421875,9.999999747378752e-05,0.0002874282072298229,0.00023781116760801524,4.961703234585002e-05,0.526611328125,150.69500732421875,0.0002105516177834943
293,9.946744103217497e-05,3.692108657560311e-05,6.254635081859306e-05,0.03487498685717583,188.9550323486328,9.999999747378752e-05,0.00028822102467529476,0.00023714141570962965,5.10796089656651e-05,0.5186767578125,150.74844360351562,0.0002105516177834943
294,0.00010595782805467024,4.001428169431165e-05,6.59435463603586e-05,0.03491969034075737,191.61962890625,9.999999747378752e-05,0.0002619190781842917,0.00021805238793604076,4.3866697524208575e-05,0.5152587890625,152.0142364501953,0.0002105516177834943
295,9.871890506474301e-05,3.7776473618578166e-05,6.0942431446164846e-05,0.0349898636341095,192.41278076171875,9.999999747378752e-05,0.0002873616758733988,0.00023251630773302168,5.4845368140377104e-05,0.515380859375,149.71458435058594,0.0002105516177834943
296,9.530784154776484e-05,3.533968992996961e-05,5.996814797981642e-05,0.0350244864821434,193.0247802734375,9.999999747378752e-05,0.0003231896844226867,0.000261571811279282,6.161788041936234e-05,0.5263671875,149.67315673828125,0.0002105516177834943
297,9.682929521659389e-05,3.631397339631803e-05,6.051531818229705e-05,0.03492680564522743,192.6142578125,9.999999747378752e-05,0.00027946679620072246,0.000229831479373388,4.9635316827334464e-05,0.51513671875,150.73927307128906,0.0002105516177834943
298,9.478414722252637e-05,3.547184678609483e-05,5.931230043643154e-05,0.0349261611700058,191.5403289794922,9.999999747378752e-05,0.0002650646201800555,0.0002231001853942871,4.196442387183197e-05,0.5252685546875,149.8488311767578,0.0002105516177834943
299,0.0001060714857885614,4.227916360832751e-05,6.37923221802339e-05,0.03498364984989166,193.06130981445312,9.999999747378752e-05,0.00026581218116916716,0.00022214310592971742,4.366906432551332e-05,0.5228271484375,152.92767333984375,0.0002105516177834943
300,0.00010989870497724041,4.28701750934124e-05,6.702852988382801e-05,0.035058051347732544,194.12155151367188,9.999999747378752e-05,0.0002840713132172823,0.00023777973547112197,4.629157410818152e-05,0.5228271484375,151.4285430908203,0.0002105516177834943
301,9.914721158565953e-05,3.7065987271489576e-05,6.208122067619115e-05,0.034971483051776886,192.66954040527344,9.999999747378752e-05,0.0002705638180486858,0.0002218756271759048,4.8688194510759786e-05,0.5087890625,151.60073852539062,0.0002105516177834943
302,9.973861597245559e-05,3.690859011840075e-05,6.283002585405484e-05,0.03500785678625107,193.31642150878906,9.999999747378752e-05,0.0002653817064128816,0.00021524503245018423,5.013668487663381e-05,0.5150146484375,152.0648651123047,0.0002105516177834943
303,9.574138675816357e-05,3.557893433026038e-05,6.016245242790319e-05,0.03493621572852135,192.0954132080078,9.999999747378752e-05,0.0002780664653982967,0.00022756362159270793,5.050283289165236e-05,0.515625,149.656494140625,0.0002105516177834943
304,9.616663737688214e-05,3.523673512972891e-05,6.092990588513203e-05,0.03492376208305359,191.67405700683594,9.999999747378752e-05,0.00027328956639394164,0.00022583331156056374,4.7456247557420284e-05,0.5052490234375,150.03819274902344,0.0002105516177834943
305,9.526819485472515e-05,3.448898860369809e-05,6.077920625102706e-05,0.034941576421260834,191.95806884765625,9.999999747378752e-05,0.0002860886452253908,0.0002343770320294425,5.17116131959483e-05,0.507080078125,150.20220947265625,0.0002105516177834943
306,0.00010095639299834147,3.7888592487433925e-05,6.306779687292874e-05,0.03490883484482765,191.3583984375,9.999999747378752e-05,0.000273635407211259,0.00022090754646342248,5.272785710985772e-05,0.50390625,152.1319122314453,0.0002105516177834943
307,9.645049431128427e-05,3.4816206607501954e-05,6.163428770378232e-05,0.0349251814186573,192.23858642578125,9.999999747378752e-05,0.0002642300969455391,0.0002183026954298839,4.592740515363403e-05,0.5098876953125,149.94967651367188,0.0002105516177834943
308,9.29829475353472e-05,3.369702972122468e-05,5.928591781412251e-05,0.0349380187690258,192.6399688720703,9.999999747378752e-05,0.00026558127137832344,0.00022203150729183108,4.354976408649236e-05,0.510009765625,149.3670196533203,0.0002105516177834943
309,9.39624005695805e-05,3.3901935239555314e-05,6.006046533002518e-05,0.03488731011748314,191.22312927246094,9.999999747378752e-05,0.00026465716655366123,0.0002175148401875049,4.714232272817753e-05,0.4979248046875,148.393310546875,0.0002105516177834943
310,9.341607801616192e-05,3.384133015060797e-05,5.957475150353275e-05,0.034835539758205414,189.1627655029297,9.999999747378752e-05,0.00026547571178525686,0.00021921259758528322,4.626311783795245e-05,0.5101318359375,151.95294189453125,0.0002105516177834943
311,9.28792214835994e-05,3.345291770529002e-05,5.942630741628818e-05,0.034769363701343536,189.18215942382812,9.999999747378752e-05,0.0002685445360839367,0.0002213392435805872,4.72052997793071e-05,0.49267578125,150.65782165527344,0.0002105516177834943
312,9.296539064962417e-05,3.368160469108261e-05,5.928378595854156e-05,0.03480452671647072,189.72421264648438,9.999999747378752e-05,0.00026429168065078557,0.00022191362222656608,4.237806933815591e-05,0.49462890625,150.3446502685547,0.0002105516177834943
313,9.576160664437339e-05,3.491131428745575e-05,6.085028871893883e-05,0.03477967530488968,190.7486572265625,9.999999747378752e-05,0.0002663843333721161,0.0002193320688093081,4.7052279114723206e-05,0.4932861328125,148.3146514892578,0.0002105516177834943
314,9.459693683311343e-05,3.382174327271059e-05,6.077518992242403e-05,0.03473025560379028,189.207275390625,9.999999747378752e-05,0.0002606706984806806,0.00021285332331899554,4.781737879966386e-05,0.48828125,147.4116668701172,0.0002105516177834943
315,9.452652011532336e-05,3.354647196829319e-05,6.0980048147030175e-05,0.03479117155075073,189.9189453125,9.999999747378752e-05,0.0002747355028986931,0.00022331172658596188,5.1423779950710014e-05,0.4913330078125,149.0928497314453,0.0002105516177834943
316,9.586523083271459e-05,3.454984107520431e-05,6.131538975751027e-05,0.034668125212192535,188.7936248779297,9.999999747378752e-05,0.0002665312495082617,0.00021786059369333088,4.8670659452909604e-05,0.4810791015625,149.89752197265625,0.0002105516177834943
317,0.00010336458217352629,3.877126073348336e-05,6.459332507802173e-05,0.03477407991886139,191.61959838867188,9.999999747378752e-05,0.00026051196618936956,0.00021708928397856653,4.3422678572824225e-05,0.49755859375,152.1407928466797,0.0002105516177834943
318,9.008711640490219e-05,3.3064541639760137e-05,5.7022571127163246e-05,0.03477918729186058,192.06619262695312,9.999999747378752e-05,0.0002602887980174273,0.00021620732150040567,4.408146924106404e-05,0.4815673828125,151.3491973876953,0.0002105516177834943
319,9.493430843576789e-05,3.439375359448604e-05,6.054055120330304e-05,0.03475051745772362,191.0333709716797,9.999999747378752e-05,0.0002670618996489793,0.00021985200874041766,4.720988363260403e-05,0.468994140625,149.98684692382812,0.0002105516177834943
320,9.445146861253306e-05,3.481515886960551e-05,5.9636306104948744e-05,0.03467273712158203,190.23257446289062,9.999999747378752e-05,0.0002711464185267687,0.00022345194884110242,4.7694480599602684e-05,0.4874267578125,150.47189331054688,0.0002105516177834943
321,9.424588643014431e-05,3.4468281228328124e-05,5.9777605201816186e-05,0.034735050052404404,191.35206604003906,9.999999747378752e-05,0.0002703185600694269,0.0002232534170616418,4.706514300778508e-05,0.4925537109375,150.77996826171875,0.0002105516177834943
322,9.639844938647002e-05,3.621104042395018e-05,6.0187412600498646e-05,0.0347331166267395,190.5050811767578,9.999999747378752e-05,0.00026907408027909696,0.0002212063263868913,4.786776116816327e-05,0.4893798828125,149.39883422851562,0.0002105516177834943
323,9.731413592817262e-05,3.644558091764338e-05,6.0868555010529235e-05,0.034745749086141586,191.46322631835938,9.999999747378752e-05,0.0002645690692588687,0.00021933572134003043,4.5233358832774684e-05,0.485595703125,150.68687438964844,0.0002105516177834943
324,9.556555596645921e-05,3.421589281060733e-05,6.134965951787308e-05,0.0347195565700531,190.09197998046875,9.999999747378752e-05,0.0002629650116432458,0.00021802668925374746,4.493830419960432e-05,0.4725341796875,150.3204803466797,0.0002105516177834943
325,9.253510506823659e-05,3.327966624055989e-05,5.9255442465655506e-05,0.03471880778670311,190.48648071289062,9.999999747378752e-05,0.0002646693028509617,0.00021621905034407973,4.8450259782839566e-05,0.4857177734375,150.3268280029297,0.0002105516177834943
326,9.556342411087826e-05,3.517878576531075e-05,6.03846347075887e-05,0.03460671380162239,188.42733764648438,9.999999747378752e-05,0.0002931166673079133,0.00023532446357421577,5.779221100965515e-05,0.47705078125,150.45040893554688,0.0002105516177834943
327,0.00011670187814161181,4.734417962026782e-05,6.935769488336518e-05,0.034756679087877274,191.78517150878906,9.999999747378752e-05,0.0003024663310497999,0.00023026252165436745,7.220381667139009e-05,0.49853515625,151.65098571777344,0.0002105516177834943
328,9.832426439970732e-05,3.637707413872704e-05,6.194719026098028e-05,0.034874238073825836,193.3674774169922,9.999999747378752e-05,0.0002640157181303948,0.00021947946515865624,4.453624933375977e-05,0.4820556640625,151.0196075439453,0.0002105516177834943
329,9.901632438413799e-05,3.677070708363317e-05,6.224561366252601e-05,0.03497444465756416,193.48825073242188,9.999999747378752e-05,0.0002657620934769511,0.00021953154646325856,4.6230550651671365e-05,0.492431640625,150.93377685546875,0.0002105516177834943
330,9.427111217519268e-05,3.4865090128732845e-05,5.940602204645984e-05,0.03483927994966507,192.17453002929688,9.999999747378752e-05,0.0002725592930801213,0.0002219266607426107,5.063262869953178e-05,0.4874267578125,151.66610717773438,0.0002105516177834943
331,9.72976049524732e-05,3.624691817094572e-05,6.105069041950628e-05,0.03480914235115051,191.4212188720703,9.999999747378752e-05,0.0002768445119727403,0.00022578031348530203,5.106419848743826e-05,0.477294921875,149.838134765625,0.0002105516177834943
332,0.0001019447881844826,3.80106212105602e-05,6.39341669739224e-05,0.03472631052136421,190.60813903808594,9.999999747378752e-05,0.0002759803319349885,0.00022173489560373127,5.4245447245193645e-05,0.487548828125,151.96063232421875,0.0002105516177834943
333,9.991839033318684e-05,3.482471583993174e-05,6.509367085527629e-05,0.034852687269449234,191.68826293945312,9.999999747378752e-05,0.0002838409855030477,0.0002304555382579565,5.3385454521048814e-05,0.4891357421875,151.0184783935547,0.0002105516177834943
334,9.634485468268394e-05,3.513971751090139e-05,6.120513717178255e-05,0.034778695553541183,190.6332550048828,9.999999747378752e-05,0.00027352667530067265,0.0002224176423624158,5.110904385219328e-05,0.483154296875,151.31103515625,0.0002105516177834943
335,9.830082854023203e-05,3.6039924452779815e-05,6.226090772543103e-05,0.03486482799053192,191.15963745117188,9.999999747378752e-05,0.0002613878750707954,0.0002174362016376108,4.395167707116343e-05,0.4896240234375,151.1259002685547,0.0002105516177834943
336,9.38306693569757e-05,3.517833101795986e-05,5.865233833901584e-05,0.03467106074094772,188.04368591308594,9.999999747378752e-05,0.0002792149316519499,0.00023135390074457973,4.786103090737015e-05,0.48291015625,150.0442657470703,0.0002105516177834943
337,9.211592259816825e-05,3.317492883070372e-05,5.8940993767464533e-05,0.0346650555729866,190.556396484375,9.999999747378752e-05,0.00027441579732112586,0.00022143436945043504,5.298140968079679e-05,0.4761962890625,150.4590301513672,0.0002105516177834943
338,9.050798689713702e-05,3.219031714252196e-05,5.8317666116636246e-05,0.03465595468878746,189.68954467773438,9.999999747378752e-05,0.00026473295292817056,0.0002194292173953727,4.530373917077668e-05,0.47802734375,148.73046875,0.0002105516177834943
339,9.149875404546037e-05,3.287813888164237e-05,5.8620611525839195e-05,0.03464718908071518,189.1193389892578,9.999999747378752e-05,0.0002625565102789551,0.00021785248827654868,4.470402927836403e-05,0.4766845703125,148.84828186035156,0.0002105516177834943
340,9.217466140398756e-05,3.2333155104424804e-05,5.9841502661583945e-05,0.03465546667575836,189.54205322265625,9.999999747378752e-05,0.00026213243836537004,0.0002142954181181267,4.783701297128573e-05,0.4656982421875,148.31698608398438,0.0002105516177834943
341,9.231163130607456e-05,3.237764030927792e-05,5.993399099679664e-05,0.034622594714164734,190.61212158203125,9.999999747378752e-05,0.0002590307267382741,0.0002154833055101335,4.35474248661194e-05,0.4774169921875,147.5473175048828,0.0002105516177834943
342,8.996794349513948e-05,3.1470746762352064e-05,5.8497196732787415e-05,0.03464914858341217,189.27345275878906,9.999999747378752e-05,0.0002561556757427752,0.0002115767274517566,4.457893373910338e-05,0.489013671875,149.4379119873047,0.0002105516177834943
343,9.727617725729942e-05,3.4984575904672965e-05,6.229159771464765e-05,0.034637752920389175,190.2038116455078,9.999999747378752e-05,0.0002656997530721128,0.00022360148432198912,4.2098250560229644e-05,0.4810791015625,151.07284545898438,0.0002105516177834943
344,8.908305608201772e-05,3.1947478419169784e-05,5.7135577662847936e-05,0.03468797355890274,191.01522827148438,9.999999747378752e-05,0.00026468519354239106,0.00021972449030727148,4.4960699597140774e-05,0.48193359375,149.6134033203125,0.0002105516177834943
345,9.204485104419291e-05,3.3149779483210295e-05,5.889506792300381e-05,0.034730538725852966,191.75453186035156,9.999999747378752e-05,0.0002868815208785236,0.00022663225536234677,6.024927643011324e-05,0.4798583984375,150.52511596679688,0.0002105516177834943
346,0.00010486377868801355,3.9535629184683785e-05,6.532815314130858e-05,0.03460269421339035,190.9490203857422,9.999999747378752e-05,0.00026840600185096264,0.00022023006749805063,4.817592343897559e-05,0.49658203125,150.93093872070312,0.0002105516177834943
347,9.321914694737643e-05,3.4151849831687286e-05,5.9067297115689144e-05,0.034805893898010254,191.45053100585938,9.999999747378752e-05,0.00026079785311594605,0.0002157159906346351,4.508185520535335e-05,0.482177734375,150.36163330078125,0.0002105516177834943
348,9.375395165989175e-05,3.494057818898e-05,5.881336983293295e-05,0.03467472270131111,191.1175079345703,9.999999747378752e-05,0.00026016467018052936,0.00021595654834527522,4.420811092131771e-05,0.47607421875,150.18536376953125,0.0002105516177834943
349,0.00010963956447085366,4.249365156283602e-05,6.714591290801764e-05,0.03466678410768509,191.76109313964844,9.999999747378752e-05,0.0002686611842364073,0.00022229269961826503,4.636848098016344e-05,0.48583984375,151.35348510742188,0.0002105516177834943
350,9.722743561724201e-05,3.7433062971103936e-05,5.979437264613807e-05,0.034698955714702606,191.9991455078125,9.999999747378752e-05,0.00027723683160729706,0.00023075910576153547,4.6477729483740404e-05,0.4703369140625,149.96217346191406,0.0002105516177834943
351,0.00010636106162564829,4.252400322002359e-05,6.383706204360351e-05,0.03465152159333229,190.71351623535156,9.999999747378752e-05,0.00026954858913086355,0.00021859677508473396,5.095182859804481e-05,0.476318359375,149.4433135986328,0.0002105516177834943
352,0.00010477820615051314,4.1874438466038555e-05,6.290376768447459e-05,0.034747038036584854,191.44097900390625,9.999999747378752e-05,0.00027379143284633756,0.00022914353758096695,4.464791345526464e-05,0.47607421875,150.74990844726562,0.0002105516177834943
353,0.0001006934980978258,3.9761955122230574e-05,6.093154661357403e-05,0.034709759056568146,191.54981994628906,9.999999747378752e-05,0.00029131065821275115,0.00024281170044559985,4.8498957767151296e-05,0.4652099609375,150.811279296875,0.0002105516177834943
354,0.00010828259109985083,4.1629347833804786e-05,6.665324326604605e-05,0.03470509126782417,191.1271209716797,9.999999747378752e-05,0.00029889008146710694,0.0002254514256492257,7.343864854192361e-05,0.48046875,151.217529296875,0.0002105516177834943
355,0.00010522363299969584,3.9814716728869826e-05,6.540891627082601e-05,0.03480272367596626,192.4351348876953,9.999999747378752e-05,0.00026241937302984297,0.00021456452668644488,4.7854831791482866e-05,0.46435546875,150.8639678955078,0.0002105516177834943
356,0.00010230101179331541,3.8135171052999794e-05,6.416584074031562e-05,0.034789446741342545,190.86082458496094,9.999999747378752e-05,0.0002737276372499764,0.00022746740432921797,4.6260247472673655e-05,0.4835205078125,151.8604736328125,0.0002105516177834943
357,0.00010202567500527948,3.979314715252258e-05,6.22325242147781e-05,0.03465644642710686,190.4964599609375,9.999999747378752e-05,0.00028662345721386373,0.00023354303266387433,5.308040636009537e-05,0.4986572265625,149.1070556640625,0.0002105516177834943
358,9.72788839135319e-05,3.551182817318477e-05,6.176705210236832e-05,0.035126861184835434,195.03598022460938,9.999999747378752e-05,0.0002674634743016213,0.00022248424647841603,4.497922782320529e-05,0.509521484375,152.03787231445312,0.0002105516177834943
359,9.108726226259023e-05,3.2783493224997073e-05,5.8303769037593156e-05,0.0348624549806118,192.23789978027344,9.999999747378752e-05,0.0002706882660277188,0.00022175771300680935,4.893055302090943e-05,0.484619140625,151.22679138183594,0.0002105516177834943
360,9.039739961735904e-05,3.202851439709775e-05,5.8368881582282484e-05,0.034765832126140594,191.95648193359375,9.999999747378752e-05,0.0002756155445240438,0.00022576293849851936,4.985262421541847e-05,0.479248046875,150.10877990722656,0.0002105516177834943
361,9.191185381496325e-05,3.204091626685113e-05,5.9870937548112124e-05,0.034619759768247604,189.5776824951172,9.999999747378752e-05,0.00026787558454088867,0.00022406438074540347,4.381121470942162e-05,0.48388671875,148.9202423095703,0.0002105516177834943
362,8.903640264179558e-05,3.1866969948168844e-05,5.716943269362673e-05,0.03462027385830879,190.47845458984375,9.999999747378752e-05,0.00027773098554462194,0.00022550942958332598,5.2221563237253577e-05,0.4700927734375,149.13864135742188,0.0002105516177834943
363,9.218117338605225e-05,3.1853483960730955e-05,6.03276930633001e-05,0.03452640771865845,189.188232421875,9.999999747378752e-05,0.0002707596868276596,0.00022607363644056022,4.468605402507819e-05,0.466552734375,149.1710968017578,0.0002105516177834943
364,9.019347635330632e-05,3.158941035508178e-05,5.860406599822454e-05,0.034483715891838074,187.90042114257812,9.999999747378752e-05,0.0002933993237093091,0.00023727100051473826,5.6128305004676804e-05,0.461181640625,147.317138671875,0.0002105516177834943
365,9.940320160239935e-05,3.538169403327629e-05,6.402150756912306e-05,0.03456819802522659,188.7416229248047,9.999999747378752e-05,0.0002810627338476479,0.0002307100803591311,5.0352657126495615e-05,0.46044921875,150.3352508544922,0.0002105516177834943
366,8.914153295336291e-05,3.01867003145162e-05,5.895483627682552e-05,0.0344354547560215,187.3404083251953,9.999999747378752e-05,0.0002728802210185677,0.0002235918800579384,4.928834459860809e-05,0.452392578125,146.92718505859375,0.0002105516177834943
367,8.907828305382282e-05,3.054411354241893e-05,5.853416951140389e-05,0.034395985305309296,186.96490478515625,9.999999747378752e-05,0.0002746994432527572,0.00022359842841979116,5.110101119498722e-05,0.469482421875,149.89840698242188,0.0002105516177834943
368,8.703741332283244e-05,2.9988128517288715e-05,5.704928844352253e-05,0.034474898129701614,187.64593505859375,9.999999747378752e-05,0.0002696199808269739,0.00022441521286964417,4.5204775233287364e-05,0.453369140625,147.68780517578125,0.0002105516177834943
369,8.907743176678196e-05,3.021954034920782e-05,5.885789141757414e-05,0.03440127149224281,186.18045043945312,9.999999747378752e-05,0.0002731473941821605,0.00022432014520745724,4.882725261268206e-05,0.4605712890625,149.8821258544922,0.0002105516177834943
370,8.844475814839825e-05,3.0718252673977986e-05,5.7726505474420264e-05,0.03441619873046875,187.05726623535156,9.999999747378752e-05,0.0002750838175415993,0.00022653488849755377,4.8548943595960736e-05,0.4576416015625,145.24415588378906,0.0002105516177834943
371,8.94691256689839e-05,3.1217226933222264e-05,5.8251895097782835e-05,0.03448675945401192,187.83755493164062,9.999999747378752e-05,0.00027474702801555395,0.00022486444504465908,4.98825975228101e-05,0.464599609375,148.9405975341797,0.0002105516177834943
372,9.320104436483234e-05,3.288285370217636e-05,6.0318194300634786e-05,0.03448735177516937,186.17779541015625,9.999999747378752e-05,0.00027940949075855315,0.00022425669885706156,5.515278098755516e-05,0.46826171875,145.64102172851562,0.0002105516177834943
373,9.042868623510003e-05,3.208047928637825e-05,5.834820694872178e-05,0.03444009646773338,186.05430603027344,9.999999747378752e-05,0.00026983622228726745,0.00022176541096996516,4.807081131730229e-05,0.466796875,148.3929443359375,0.0002105516177834943
374,8.58404891914688e-05,2.99149178317748e-05,5.5925571359694004e-05,0.034517668187618256,187.70521545410156,9.999999747378752e-05,0.00026577591779641807,0.00022349326172843575,4.228263787808828e-05,0.4722900390625,148.0846710205078,0.0002105516177834943
375,8.670604438520968e-05,3.0271017749328166e-05,5.643502663588151e-05,0.03450712561607361,187.67518615722656,9.999999747378752e-05,0.00026978537789545953,0.00022692284255754203,4.286252806195989e-05,0.456787109375,147.59307861328125,0.0002105516177834943
376,8.508441533194855e-05,2.9091967007843778e-05,5.599244832410477e-05,0.034445974975824356,186.74440002441406,9.999999747378752e-05,0.00026144462754018605,0.00021597354498226196,4.54710861959029e-05,0.46044921875,147.80105590820312,0.0002105516177834943
377,8.36406325106509e-05,2.8707494493573904e-05,5.4933138017077e-05,0.03437221422791481,185.80612182617188,9.999999747378752e-05,0.0002704465005081147,0.0002259159373352304,4.4530563172884285e-05,0.4586181640625,148.28836059570312,0.0002105516177834943
378,8.342468936461955e-05,2.8875554562546313e-05,5.454913480207324e-05,0.03439180925488472,186.86447143554688,9.999999747378752e-05,0.00025968029513023794,0.00021890310745220631,4.07771767640952e-05,0.4608154296875,146.14080810546875,0.0002105516177834943
379,8.676763536641374e-05,3.0749200959689915e-05,5.6018438044702634e-05,0.034419625997543335,187.283447265625,9.999999747378752e-05,0.00025994802126660943,0.0002174204564653337,4.252757571521215e-05,0.4473876953125,147.34422302246094,0.0002105516177834943
380,8.420268568443134e-05,2.8808035494876094e-05,5.5394648370565847e-05,0.03451132774353027,187.5896453857422,9.999999747378752e-05,0.00027608947129920125,0.00022232126502785832,5.3768217185279354e-05,0.4652099609375,149.81710815429688,0.0002105516177834943
381,8.604345930507407e-05,2.9642764275195077e-05,5.640069502987899e-05,0.034476134926080704,188.6749725341797,9.999999747378752e-05,0.00025848145014606416,0.00021822475537192076,4.0256683860206977e-05,0.4541015625,148.00106811523438,0.0002105516177834943
382,8.489230822306126e-05,2.887092159653548e-05,5.6021388445515186e-05,0.03449825569987297,188.1900634765625,9.999999747378752e-05,0.0002691346453502774,0.00022522799554280937,4.390664980746806e-05,0.453857421875,147.67388916015625,0.0002105516177834943
383,8.429190347669646e-05,2.8923965146532282e-05,5.5367941968142986e-05,0.03440913185477257,187.846923828125,9.999999747378752e-05,0.00026528697344474494,0.00021937589917797595,4.591108518070541e-05,0.4508056640625,147.58543395996094,0.0002105516177834943
384,8.324756345245987e-05,2.8348667910904624e-05,5.489889736054465e-05,0.03438381850719452,186.9896697998047,9.999999747378752e-05,0.00026713815168477595,0.00022001430625095963,4.712385270977393e-05,0.4578857421875,149.4429473876953,0.0002105516177834943
385,8.593709208071232e-05,2.9156955861253664e-05,5.6780136219458655e-05,0.034364454448223114,188.3384246826172,9.999999747378752e-05,0.00026626570615917444,0.00022028264356777072,4.5983073505340144e-05,0.44873046875,147.34027099609375,0.0002105516177834943
386,8.524066652171314e-05,2.8716647648252547e-05,5.652401887346059e-05,0.034291550517082214,187.0644073486328,9.999999747378752e-05,0.00027210405096411705,0.00021997002477291971,5.213401891523972e-05,0.447998046875,148.15345764160156,0.0002105516177834943
387,8.199489093385637e-05,2.7745947591029108e-05,5.424894698080607e-05,0.03435460850596428,188.11260986328125,9.999999747378752e-05,0.00026850204449146986,0.00022303297009784728,4.546908166958019e-05,0.4483642578125,149.34213256835938,0.0002105516177834943
388,8.285223157145083e-05,2.838642649294343e-05,5.4465803259518e-05,0.0343305803835392,187.61195373535156,9.999999747378752e-05,0.0002755913301371038,0.00022818378056399524,4.740754593512975e-05,0.44189453125,148.00308227539062,0.0002105516177834943
389,8.338656334672123e-05,2.8207145078340545e-05,5.517941463040188e-05,0.034317534416913986,186.4330596923828,9.999999747378752e-05,0.00026599629200063646,0.00022366551274899393,4.233077561366372e-05,0.44482421875,146.35076904296875,0.0002105516177834943
390,8.434817573288456e-05,2.8115282475482672e-05,5.6232889619423077e-05,0.034365616738796234,187.69638061523438,9.999999747378752e-05,0.0002633602125570178,0.0002198609581682831,4.349923619884066e-05,0.44482421875,148.06666564941406,0.0002105516177834943
391,8.33710000733845e-05,2.8266922527109273e-05,5.5104079365264624e-05,0.034357212483882904,187.17385864257812,9.999999747378752e-05,0.0002556621329858899,0.0002128576597897336,4.280447319615632e-05,0.4481201171875,149.0824432373047,0.0002105516177834943
392,8.300778426928446e-05,2.7532501917448826e-05,5.5475284170825034e-05,0.034253496676683426,185.82386779785156,9.999999747378752e-05,0.00026894817710854113,0.0002265324437757954,4.2415715142851695e-05,0.444091796875,142.01625061035156,0.0002105516177834943
393,8.671150135342032e-05,2.8983264201087877e-05,5.772824079031125e-05,0.034302789717912674,185.9820098876953,9.999999747378752e-05,0.0002662394836079329,0.0002213841798948124,4.48552927991841e-05,0.4449462890625,149.14779663085938,0.0002105516177834943
394,8.15138264442794e-05,2.726469210756477e-05,5.4249139793682843e-05,0.03434385731816292,186.1021728515625,9.999999747378752e-05,0.00027098425198346376,0.00022011855617165565,5.086568489787169e-05,0.4437255859375,146.94601440429688,0.0002105516177834943
395,8.443809201708063e-05,2.8647122235270217e-05,5.5790973419789225e-05,0.034197837114334106,185.7161407470703,9.999999747378752e-05,0.0002730285923462361,0.00023216137196868658,4.086722037754953e-05,0.4390869140625,148.24652099609375,0.0002105516177834943
396,8.898434316506609e-05,3.0870301998220384e-05,5.8114044804824516e-05,0.034280721098184586,187.43626403808594,9.999999747378752e-05,0.0002728309773374349,0.00022354695829562843,4.928400812787004e-05,0.4471435546875,149.61280822753906,0.0002105516177834943
397,8.320365304825827e-05,2.7958200007560663e-05,5.5245454859687015e-05,0.03442710265517235,189.12396240234375,9.999999747378752e-05,0.0002684196806512773,0.00022717253887094557,4.1247123590437695e-05,0.45166015625,147.18487548828125,0.0002105516177834943
398,8.120285929180682e-05,2.7667376343742944e-05,5.353548112907447e-05,0.03433367237448692,186.89967346191406,9.999999747378752e-05,0.00026267176144756377,0.00022171215096022934,4.0959617763292044e-05,0.44482421875,146.80833435058594,0.0002105516177834943
399,9.564005449647084e-05,3.527407898218371e-05,6.036597551428713e-05,0.0345894917845726,190.80191040039062,9.999999747378752e-05,0.0002621442836243659,0.0002175552217522636,4.458906551008113e-05,0.4805908203125,151.01950073242188,0.0002105516177834943
400,7.758993160678074e-05,2.6621768483892083e-05,5.0968163122888654e-05,0.03473211079835892,191.8865203857422,9.999999747378752e-05,0.0002617769641801715,0.00021943723550066352,4.233972140355036e-05,0.462890625,150.19146728515625,0.0002105516177834943
