cad_id,parent_id,pair_index,continuous_bypass_64d_native_brep_valid,continuous_bypass_64d_strict_brep_valid,continuous_bypass_64d_both_valid,continuous_bypass_64d_step_saved,continuous_bypass_64d_global_patch_mse,continuous_bypass_64d_surface_mse,continuous_bypass_64d_curved_mse,continuous_bypass_64d_planar_mse,continuous_bypass_64d_edge_mse,continuous_bypass_64d_nonfinite_patches,vq_8192_64d_random_native_brep_valid,vq_8192_64d_random_strict_brep_valid,vq_8192_64d_random_both_valid,vq_8192_64d_random_step_saved,vq_8192_64d_random_global_patch_mse,vq_8192_64d_random_surface_mse,vq_8192_64d_random_curved_mse,vq_8192_64d_random_planar_mse,vq_8192_64d_random_edge_mse,vq_8192_64d_random_nonfinite_patches,rvq_2x4096_64d_random_native_brep_valid,rvq_2x4096_64d_random_strict_brep_valid,rvq_2x4096_64d_random_both_valid,rvq_2x4096_64d_random_step_saved,rvq_2x4096_64d_random_global_patch_mse,rvq_2x4096_64d_random_surface_mse,rvq_2x4096_64d_random_curved_mse,rvq_2x4096_64d_random_planar_mse,rvq_2x4096_64d_random_edge_mse,rvq_2x4096_64d_random_nonfinite_patches
00066307_28655d45c4dc4e378db24d63_step_000,28655d45c4dc4e378db24d63,0,True,True,True,True,1.9782299204962328e-05,5.914494613534771e-05,9.931932436302304e-05,6.6092297856812365e-06,6.051142008800525e-06,0,True,True,True,True,0.00011375470057828352,0.00030308245914056897,0.0005047033191658556,3.942437979276292e-05,4.771015665028244e-05,0,True,True,True,True,8.195840928237885e-05,0.00022572292073164135,0.0003834275994449854,1.9493636500556022e-05,3.180802013957873e-05,0
00094558_0ea6b42282af322cf84de9f6_step_001,0ea6b42282af322cf84de9f6,1,True,True,True,True,5.20391540703713e-06,9.245076398656238e-06,1.283396704820916e-05,5.656186203850666e-06,3.81837526219897e-06,0,True,True,True,True,2.586211121524684e-05,4.516943954513408e-05,6.756658694939688e-05,2.2772292140871286e-05,1.9242455891799182e-05,0,True,True,True,True,2.5662140615168028e-05,4.2148309148615226e-05,6.283650873228908e-05,2.1460104107973166e-05,2.000973472604528e-05,0
00025294_1cf07fcd3c9543f9891c6541_step_003,1cf07fcd3c9543f9891c6541,2,True,True,True,True,5.3549683798337355e-06,1.0056256542156916e-05,1.5180038644757587e-05,5.664443051500712e-06,3.4450706607458415e-06,0,True,True,True,True,3.431325967540033e-05,5.073477950645611e-05,8.15486055216752e-05,2.4322927856701426e-05,2.7642014174489304e-05,0,True,True,True,True,2.524036062823143e-05,3.197454134351574e-05,4.385937063489109e-05,2.1787544028484263e-05,2.2504609660245478e-05,0
00062859_49e91e08b7e245a19d4746f2_step_000,49e91e08b7e245a19d4746f2,3,True,True,True,True,7.419911071337992e-06,1.577381044626236e-05,2.0679221051977947e-05,5.962986506347079e-06,4.382129645819077e-06,0,True,True,True,True,4.173684283159673e-05,8.798023918643594e-05,0.00011359254858689383,3.675561674754135e-05,2.4921057047322392e-05,0,True,True,True,True,3.660446600406431e-05,9.455971303395927e-05,0.00013391369429882616,1.5851725038373843e-05,1.5529825759585947e-05,0
00054752_0184c3ca39c94850b2d318ef_step_000,0184c3ca39c94850b2d318ef,4,True,True,True,True,5.94262655795319e-06,8.01096211944241e-06,1.0692167961678933e-05,5.329755822458537e-06,5.115291969559621e-06,0,True,True,True,True,3.0495608370983973e-05,4.209793041809462e-05,5.110450365464203e-05,3.309135718154721e-05,2.5854684281512164e-05,0,True,True,True,True,2.2037120288587175e-05,3.3594802516745403e-05,4.9175159801961854e-05,1.8014447050518356e-05,1.7414047761121765e-05,0
00093612_ff1d07e0ce7a0e8af6a968e8_step_000,ff1d07e0ce7a0e8af6a968e8,5,False,False,False,True,3.934037886210717e-05,8.404699474340305e-05,0.0001889839768409729,1.8461372746969573e-05,2.1904797904426232e-05,0,False,False,False,True,0.00025751348584890366,0.0004989308654330671,0.0011698806192725897,7.958718197187409e-05,0.00016336071712430567,0,False,False,False,True,0.0001807026274036616,0.0003377865068614483,0.0007831863476894796,5.941160998190753e-05,0.00011943991557927802,0
00028117_97daece11acf4d7aa4dce06e_step_000,97daece11acf4d7aa4dce06e,6,True,True,True,True,5.96064273850061e-06,1.3406352991296444e-05,3.4527321986388415e-05,4.957964847562835e-06,3.0650885491922963e-06,0,True,True,True,True,3.118612585240044e-05,6.204313831403852e-05,0.0001709560601739213,1.8477969206287526e-05,1.918617454066407e-05,0,True,True,True,True,2.8729105906677432e-05,6.625313108088449e-05,0.00017622092855162919,2.226600918220356e-05,1.4136432582745329e-05,0
00058174_7a6e01fafd7e49ff83747fbc_step_000,7a6e01fafd7e49ff83747fbc,7,True,True,True,True,0.00013304843741934747,0.0004445173544809222,0.0008824365213513374,6.59820216242224e-06,4.164738129475154e-06,0,True,True,True,True,0.0022632689215242863,0.007621011231094599,0.015214902348816395,2.7120191589347087e-05,4.6272030886029825e-05,0,True,True,True,True,0.0012695814948529005,0.004271198064088821,0.008516822010278702,2.5573530365363695e-05,2.7533229513210244e-05,0
00013998_2a899e196c7f4c74b63a568f_step_001,2a899e196c7f4c74b63a568f,8,True,True,True,True,6.665666205663001e-06,1.2603611139638815e-05,1.3628924534714315e-05,1.2193489055789541e-05,3.894625024258858e-06,0,True,True,True,True,2.9572418497991748e-05,6.217315240064636e-05,5.411289384937845e-05,6.539725291077048e-05,1.4358741282194387e-05,0,True,True,True,True,2.4502602173015475e-05,4.778093352797441e-05,3.645342803793028e-05,5.2311930630821735e-05,1.3639387361763511e-05,0
00094259_b8aef52e624b95f2186bac46_step_000,b8aef52e624b95f2186bac46,9,True,True,True,True,9.919343028741423e-06,2.3364624212263152e-05,3.0015440643182956e-05,6.737584044458345e-06,4.6906225179554895e-06,0,True,True,True,True,8.190144581021741e-05,0.00020736848819069564,0.0002783154195640236,3.0001101549714804e-05,3.310871034045704e-05,0,True,True,True,True,6.163299985928461e-05,0.00016654949286021292,0.00022165020345710218,2.879765088437125e-05,2.0832163500017487e-05,0
00022263_295837f17fa84514a64dd1d0_step_000,295837f17fa84514a64dd1d0,10,True,True,True,True,7.960400580486748e-06,1.984164737223182e-05,4.778338552569039e-05,6.606083388760453e-06,3.274839855293976e-06,0,True,True,True,True,3.685674164444208e-05,7.54631037125364e-05,0.00016366626368835568,3.3682663342915475e-05,2.163169119739905e-05,0,True,True,True,True,3.0221894121496007e-05,6.706968997605145e-05,0.00017322602798230946,1.6785115803941153e-05,1.5690366126364097e-05,0
00051602_7f1947595ae247e0a4a32f43_step_000,7f1947595ae247e0a4a32f43,11,False,False,False,True,0.0008657411672174931,0.0009596224408596754,0.0013026715023443103,1.6237841919064522e-05,0.0008296329178847373,0,,False,False,False,0.004201533738523722,0.006474392022937536,0.008805514313280582,6.38046840322204e-05,0.00332735781557858,0,False,False,False,True,0.0034596999175846577,0.004697676282376051,0.006371232680976391,9.53966737142764e-05,0.0029835551977157593,0
00019270_24850bfcb0244cdc90272395_step_000,24850bfcb0244cdc90272395,12,True,True,True,True,3.35564300257829e-06,7.107668807293521e-06,,7.107668807293521e-06,1.8548321349953767e-06,0,True,True,True,True,1.6927337128436193e-05,3.5762950574280694e-05,,3.5762950574280694e-05,9.393092113896273e-06,0,True,True,True,True,5.8026748774864245e-06,1.2846084246120881e-05,,1.2846084246120881e-05,2.985312221426284e-06,0
00085351_04f486b5f5add93c1cc93423_step_001,04f486b5f5add93c1cc93423,13,True,True,True,True,4.835440449824091e-06,8.45025533635635e-06,1.1101971722382586e-05,6.682443654426606e-06,3.192343228874961e-06,0,True,True,True,True,2.4340733943972737e-05,4.3242449464742094e-05,7.961561641423032e-05,1.8993667254108004e-05,1.5749044905533083e-05,0,True,True,True,True,1.3141218914825004e-05,2.8633952751988545e-05,4.131478272029199e-05,2.0180064893793315e-05,6.099066922615748e-06,0
00063603_02451900b6324f6aa2c2c262_step_000,02451900b6324f6aa2c2c262,14,True,True,True,True,3.5081288842775393e-06,6.747439783794107e-06,1.2676216101681348e-05,4.37592916568974e-06,2.248396867798874e-06,0,True,True,True,True,2.0665676856879145e-05,3.9484952139901e-05,9.644134115660563e-05,1.6702391803846695e-05,1.3347073036129586e-05,0,True,True,True,True,1.4479093806585297e-05,2.2696942323818803e-05,4.938619531458244e-05,1.2021242582704872e-05,1.1283261301286984e-05,0
00033086_9412b644af2240c3ab6b6248_step_001,9412b644af2240c3ab6b6248,15,True,True,True,True,6.996415322646499e-06,1.2155992408224847e-05,1.2722261999442708e-05,9.51339188759448e-06,4.803594947588863e-06,0,True,True,True,True,3.272883259342052e-05,6.548449164256454e-05,7.497336628148332e-05,2.120310819009319e-05,1.8807677406584844e-05,0,True,True,True,True,2.2171183445607312e-05,4.04504025937058e-05,4.442626595846377e-05,2.1896375983487815e-05,1.4402515262190718e-05,0
00098452_bfab08be45c79c7628312c2f_step_000,bfab08be45c79c7628312c2f,16,True,True,True,True,3.980378824053332e-05,8.915124453778844e-06,9.365108780912124e-06,8.315145350934472e-06,5.5248117860173807e-05,0,True,True,True,True,0.0002624683256726712,4.3114330765092745e-05,5.5500750022474676e-05,2.6599089324008673e-05,0.00037214532494544983,0,True,True,True,True,0.0003157597384415567,2.8915013899677433e-05,3.307994484202936e-05,2.336176657991018e-05,0.00045918210525996983,0
00030409_d4832457062d4a429daacc20_step_000,d4832457062d4a429daacc20,17,True,False,False,True,3.11390649585519e-05,2.7166543077328242e-05,4.4680469727609307e-05,7.26436110198847e-06,3.2917236239882186e-05,0,False,False,False,True,0.00027128690271638334,0.00020832190057262778,0.00035539866075851023,4.118919241591357e-05,0.000299471226753667,0,False,False,False,True,0.00021839117107447237,0.00012205593520775437,0.00019776500994339585,3.602292053983547e-05,0.0002615126722957939,0
00099781_56d5a9a4e4b02da21ba14586_step_000,56d5a9a4e4b02da21ba14586,18,True,True,True,True,6.100671271269675e-06,1.0907148862315807e-05,1.7721831682138145e-05,4.092469225724926e-06,4.178080416750163e-06,0,True,True,True,True,2.781520743155852e-05,5.298313044477254e-05,8.880556561052799e-05,1.7160682546091266e-05,1.7748036043485627e-05,0,True,True,True,True,2.1011237549828365e-05,2.7170406610821374e-05,4.04373204219155e-05,1.3903497347200755e-05,1.85475691978354e-05,0
00029780_a4788d5955c04fe1886666b7_step_000,a4788d5955c04fe1886666b7,19,True,True,True,True,9.168591532215942e-06,1.677192994975485e-05,1.3816995306115132e-05,1.683616756054107e-05,5.8597324823495e-06,0,False,False,False,True,6.442645099014044e-05,0.00010067520634038374,0.0001289436040678993,0.0001000606789602898,4.865154187427834e-05,0,True,True,True,True,5.797333869850263e-05,6.867232150398195e-05,5.265332220005803e-05,6.9020563387312e-05,5.3317304264055565e-05,0
00053623_a17f8fdc818840b0b93ccf9e_step_000,a17f8fdc818840b0b93ccf9e,20,True,True,True,True,8.148408596753143e-06,1.9044655346078798e-05,2.8703709176625125e-05,4.556076419248711e-06,3.6083056329516694e-06,0,True,True,True,True,7.390931568806991e-05,0.00021127067157067358,0.00033888171310536563,1.9854120182571933e-05,1.6675423466949724e-05,0,True,True,True,True,3.7585763493552804e-05,0.00011174499377375469,0.0001765669003361836,1.4512117559206672e-05,6.686093456664821e-06,0
00000444_4ed4c78d6d754aac90876fc2_step_003,4ed4c78d6d754aac90876fc2,21,False,False,False,True,4.855539827985922e-06,8.60562977322843e-06,1.4152286894386634e-05,6.386967470461968e-06,3.5430082334642066e-06,0,False,False,False,True,2.162760210921988e-05,4.211131818010472e-05,6.715682684443891e-05,3.209311398677528e-05,1.445830366719747e-05,0,True,False,False,True,1.2404186236381065e-05,2.7618334570433944e-05,3.691151141538285e-05,2.3901058739284053e-05,7.079235729179345e-06,0
00037452_8ca2379d1f164603b5fc0f71_step_000,8ca2379d1f164603b5fc0f71,22,True,True,True,True,8.336830433108844e-06,8.143134436977562e-06,1.1279887985438108e-05,7.4827657954301685e-06,8.41933251649607e-06,0,True,True,True,True,6.175735325086862e-05,3.726402792381123e-05,3.7449724914040416e-05,3.722493420355022e-05,7.218970131361857e-05,0,True,True,True,True,4.4825701479567215e-05,2.5527628167765215e-05,2.870269054255914e-05,2.4859193217707798e-05,5.304524893290363e-05,0
00006371_3fd9de0ad042479b8b17d3cc_step_000,3fd9de0ad042479b8b17d3cc,23,True,True,True,True,5.260067155177239e-06,5.196426627662731e-06,,5.196426627662731e-06,5.286583473207429e-06,0,True,False,False,True,2.5359571736771613e-05,1.6299751223414205e-05,,1.6299751223414205e-05,2.9134493161109276e-05,0,True,False,False,True,1.9776776753133163e-05,1.6486639651702717e-05,,1.6486639651702717e-05,2.1147667212062515e-05,0
00023412_6e7c64361943421e9f4ebbdd_step_000,6e7c64361943421e9f4ebbdd,24,True,False,False,True,8.070983312791213e-05,0.00027826739824377,0.000876585952937603,6.3044494709174614e-06,4.543053364614025e-06,0,False,False,False,True,0.0013696050737053156,0.004815834108740091,0.015336103737354279,3.389389530639164e-05,4.093861934961751e-05,0,True,False,False,True,0.000870895863045007,0.003066315781325102,0.009782778099179268,1.3378085895965341e-05,2.4468818082823418e-05,0
00040516_91d64014ed984f1ab80c2540_step_000,91d64014ed984f1ab80c2540,25,True,True,True,True,5.007085746910889e-06,7.232033567561302e-06,9.821999810810667e-06,5.28955933987163e-06,4.033670848002657e-06,0,True,True,True,True,2.387124732194934e-05,3.3674055885057896e-05,5.2054358093300834e-05,1.9888831957359798e-05,1.958251596079208e-05,0,True,True,True,True,1.8693233869271353e-05,2.2191510652191937e-05,3.3995227568084374e-05,1.3338722965272609e-05,1.7162739823106676e-05,0
00026168_a368bf89a777429eb28641e3_step_000,a368bf89a777429eb28641e3,26,True,True,True,True,0.0004016596358269453,0.0013516368344426155,0.001687962794676423,6.332981683954131e-06,5.835816409671679e-06,0,True,True,True,True,0.0010379154700785875,0.0034439475275576115,0.004297386854887009,3.0191016776370816e-05,3.5402150388108566e-05,0,True,True,True,True,0.00142355274874717,0.004764608107507229,0.005948987323790789,2.708938336581923e-05,3.144656875520013e-05,0
00050336_ebe3681766c14dec85c4ffd6_step_000,ebe3681766c14dec85c4ffd6,27,True,True,True,True,8.273065759567544e-06,1.614568827790208e-05,3.2140967960003763e-05,7.005529369052965e-06,5.386437806009781e-06,0,True,True,True,True,5.7528148317942396e-05,8.990304195322096e-05,0.00018670628196559846,3.4586915717227384e-05,4.565734343486838e-05,0,True,True,True,True,6.113803829066455e-05,0.00013616426440421492,0.00033596772118471563,2.1990859750076197e-05,3.362842835485935e-05,0
00093480_56ca6c21e4b0747e94b5fd0c_step_000,56ca6c21e4b0747e94b5fd0c,28,False,True,False,True,0.001820770208723843,0.0054474398493766785,0.00661052018404007,1.972763129742816e-05,7.435497082042275e-06,0,False,True,False,True,0.002845627488568425,0.008397446945309639,0.010183283127844334,6.354380457196385e-05,6.971740367589518e-05,0,True,True,True,True,0.0021719327196478844,0.006415805779397488,0.007763574365526438,0.00012622344365809113,4.999592783860862e-05,0
00044862_20ff2d12baed4ba699895a12_step_000,20ff2d12baed4ba699895a12,29,False,False,False,True,4.0544455259805545e-06,5.5058326324797235e-06,,5.5058326324797235e-06,3.490016524665407e-06,0,False,False,False,True,1.7204578398377635e-05,1.6944923117989674e-05,,1.6944923117989674e-05,1.730555777612608e-05,0,False,False,False,True,1.2265145414858125e-05,1.2048844837408978e-05,,1.2048844837408978e-05,1.2349263670330402e-05,0
00061931_dcdd8a95feac4121adfd341f_step_000,dcdd8a95feac4121adfd341f,30,False,False,False,True,0.009805954061448574,0.02440744638442993,0.035249385982751846,1.3093361303617712e-05,0.0045331912115216255,0,False,False,False,True,0.009719403460621834,0.02295798994600773,0.03310651332139969,0.00012381508713588119,0.004938803613185883,0,False,False,False,True,0.01225833036005497,0.033087924122810364,0.04776160046458244,7.21572432667017e-05,0.004736530594527721,0
00067160_2a27016aa44f42c69c1079f7_step_000,2a27016aa44f42c69c1079f7,31,False,False,False,True,9.655164467403665e-05,0.000273785408353433,0.0004009739204775542,5.756489190389402e-05,3.440472937654704e-05,0,False,False,False,True,0.0010126489214599133,0.00236532068811357,0.00357074779458344,0.00031609475263394415,0.0005383352981880307,0,False,False,False,True,0.0005308781983330846,0.0012583070201799273,0.0018253284506499767,0.0002943704603239894,0.000275805767159909,0
00015417_0bf937b21a0d4774a719e6be_step_000,0bf937b21a0d4774a719e6be,32,True,True,True,True,1.0513901543163229e-05,1.2907303243991919e-05,1.3035552001383621e-05,1.1881311365868896e-05,9.616376701160334e-06,0,True,True,True,True,6.588871474377811e-05,6.548730743816122e-05,7.116653432603925e-05,2.0053485059179366e-05,6.603924703085795e-05,0,True,True,True,True,5.56265986233484e-05,4.640953920898028e-05,4.793786501977593e-05,3.418289634282701e-05,5.908299863222055e-05,0
00089752_f46bd660f6d729ad341d926a_step_000,f46bd660f6d729ad341d926a,33,True,True,True,True,7.306081533897668e-05,0.0002490234619472176,0.0008490320760756731,9.019999197334982e-06,4.6308909986692015e-06,0,True,True,True,True,0.00021301090600900352,0.0006904376787133515,0.0023015576880425215,4.598961095325649e-05,2.7344965928932652e-05,0,True,True,True,True,0.00019899217295460403,0.0006422726437449455,0.0021706316620111465,3.092901170020923e-05,2.6605364837450907e-05,0
00009210_d7c86b5627294c37b96f2b2a_step_001,d7c86b5627294c37b96f2b2a,34,False,False,False,True,0.0019540523644536734,0.0054776109755039215,0.007756865117698908,7.398216894216603e-06,0.0003351203049533069,0,False,False,False,True,0.006810224149376154,0.017043985426425934,0.02413475327193737,2.614243385323789e-05,0.002108226763084531,0,False,False,False,True,0.005047302693128586,0.012188578955829144,0.017253220081329346,3.344322612974793e-05,0.0017661742167547345,0
00018216_8ebdfa79f4f84261bbc10711_step_000,8ebdfa79f4f84261bbc10711,35,True,True,True,True,5.042332304583397e-06,1.0633270903781522e-05,3.289001324446872e-05,5.0690850912360474e-06,2.8919719170517055e-06,0,True,True,True,True,3.283047772129066e-05,5.0734317483147606e-05,0.00015454112144652754,2.4782617401797324e-05,2.5944387743948027e-05,0,True,True,True,True,2.1744885088992305e-05,5.5426786275347695e-05,0.00022566423285752535,1.2867426448792685e-05,8.790308129391633e-06,0
00042715_01a17b1a063e40428f287d0c_step_000,01a17b1a063e40428f287d0c,36,True,False,False,True,6.16088846072671e-06,1.2577860616147518e-05,2.478738679201342e-05,5.019583568355301e-06,3.888211267621955e-06,0,True,False,False,True,3.39677462761756e-05,5.763409717474133e-05,0.00011061861732741818,2.4834156647557393e-05,2.5585914045223035e-05,0,True,True,True,True,2.20972033275757e-05,4.326123962528072e-05,9.504817717242986e-05,1.1202656423847657e-05,1.4601609109377023e-05,0
00089531_2fbe1cb926b52e6698a2f1f2_step_000,2fbe1cb926b52e6698a2f1f2,37,True,True,True,True,1.5774372513988055e-05,3.207745248801075e-05,0.00011414770415285602,1.0352972822147422e-05,1.0210623258899432e-05,0,False,True,False,True,0.00014054315397515893,0.0002807086275424808,0.001141184475272894,5.293557478580624e-05,9.270892769563943e-05,0,True,False,False,True,0.000128355051856488,0.00022639472445007414,0.0009190997807309031,4.303157402318902e-05,9.489706280874088e-05,0
00064437_87571c97a736487da9c4462d_step_000,87571c97a736487da9c4462d,38,True,True,True,True,7.721160727669485e-06,1.7095249859266914e-05,3.2080184610094875e-05,5.1073075155727565e-06,4.205875939078396e-06,0,True,True,True,True,4.6590674173785374e-05,9.408980258740485e-05,0.00018677282787393779,1.9943376173614524e-05,2.877850056393072e-05,0,True,True,True,True,6.49303401587531e-05,0.0001616047666175291,0.000335920718498528,2.2151993107399903e-05,2.867743569368031e-05,0
00070919_7b5d23e3b3174924a75859ea_step_000,7b5d23e3b3174924a75859ea,39,True,True,True,True,2.8499132440629182e-06,5.453043740999419e-06,,5.453043740999419e-06,1.8582441043690778e-06,0,True,True,True,True,1.472520762035856e-05,2.7331301680533215e-05,,2.7331301680533215e-05,9.922885510604829e-06,0,True,True,True,True,6.542112259921851e-06,1.5610836271662265e-05,,1.5610836271662265e-05,3.0873600280756364e-06,0
00021272_8b0d4dace1064d53a394f654_step_000,8b0d4dace1064d53a394f654,40,True,True,True,True,4.508020720095374e-05,6.804571603424847e-05,8.825987606542185e-05,2.1841953639523126e-05,3.56479395122733e-05,0,True,True,True,True,0.0003468778741080314,0.00047728768549859524,0.0006429558852687478,9.861729631666094e-05,0.0002933167270384729,0,True,True,True,True,0.000380365876480937,0.0007207687594927847,0.0009223595261573792,0.00025999004719778895,0.0002405575942248106,0
00032137_9241ce05bc07477694e6c966_step_000,9241ce05bc07477694e6c966,41,True,False,False,True,9.246795525541529e-05,0.00024119019508361816,0.00037907977821305394,2.450665124342777e-05,2.0116576706641354e-05,0,False,False,False,True,0.0005702907801605761,0.0015569499228149652,0.002491365885362029,8.85818008100614e-05,9.029449574882165e-05,0,False,False,False,True,0.0005026391590945423,0.0013840479077771306,0.0021847342140972614,0.00012582613271661103,7.384576019831002e-05,0
00044266_cb4fe2bf7cc14277b03e550e_step_000,cb4fe2bf7cc14277b03e550e,42,True,True,True,True,3.721901521203108e-05,9.693865285953507e-05,0.0001151472533820197,1.1965184057771694e-05,5.4929596444708295e-06,0,True,True,True,True,0.00016299680282827467,0.0004249508783686906,0.0005117658874951303,1.981387504201848e-05,2.383369064773433e-05,0,True,True,True,True,0.00018880928109865636,0.0005209315568208694,0.0006245779804885387,3.7248606531647965e-05,1.2369309843052179e-05,0
00046632_476e50ea8a1a4f4a92a48363_step_000,476e50ea8a1a4f4a92a48363,43,False,True,False,True,3.6995548725826666e-05,6.564817886101082e-05,8.629852527519688e-05,1.6087362382677384e-05,2.6171219360549003e-05,0,False,True,False,True,0.0004350164672359824,0.000646271335426718,0.0008779747295193374,9.018365381052718e-05,0.00035520907840691507,0,False,False,False,True,0.00021659616322722286,0.00029161968268454075,0.0003563155187293887,0.00013634993229061365,0.00018825392180588096,0
00040705_29efdbc3841d4e90b008be17_step_000,29efdbc3841d4e90b008be17,44,True,False,False,True,0.001575521775521338,0.001676195883192122,0.0023020810913294554,7.168731372075854e-06,0.0015251848381012678,0,False,False,False,True,0.005510837305337191,0.007214637473225594,0.009910061955451965,2.684090031834785e-05,0.0046589369885623455,0,False,False,False,True,0.0032376358285546303,0.0035040818620473146,0.004812878556549549,1.3956647308077663e-05,0.0031044124625623226,0
00053399_b8b0d7d11a0745ff88f0c9f8_step_000,b8b0d7d11a0745ff88f0c9f8,45,True,True,True,True,4.911126779916231e-06,1.0144511179532856e-05,1.3126223166182172e-05,5.174992111278698e-06,3.1295483040594263e-06,0,True,True,True,True,3.92120418837294e-05,6.489563384093344e-05,9.051746019395068e-05,2.2192607502802275e-05,3.046868550882209e-05,0,True,True,True,True,3.148888936266303e-05,3.524148269207217e-05,4.653568976209499e-05,1.6417807273683138e-05,3.021140582859516e-05,0
00029576_9fda70814b4b49a7b7711b0a_step_000,9fda70814b4b49a7b7711b0a,46,True,True,True,True,2.550476210672059e-06,4.259245997673133e-06,,4.259245997673133e-06,1.8588311831990723e-06,0,True,True,True,True,1.1881206773978192e-05,1.6976429833448492e-05,,1.6976429833448492e-05,9.81885659712134e-06,0,True,True,True,True,5.045847046858398e-06,1.0172690963372588e-05,,1.0172690963372588e-05,2.970696186821442e-06,0
00058806_ff012a6d72d24a3b8cdad1bf_step_000,ff012a6d72d24a3b8cdad1bf,47,True,True,True,True,9.205115020449739e-06,1.1573685696930625e-05,1.90439895959571e-05,1.0424408174003474e-05,8.359196726814844e-06,0,True,True,True,True,6.839378329459578e-05,6.403587030945346e-05,9.389808838022873e-05,5.944168151472695e-05,6.995017611188814e-05,0,True,True,True,True,7.439189357683063e-05,5.863678234163672e-05,8.133245864883065e-05,5.514514123206027e-05,8.001871174201369e-05,0
00082652_163ee4579a5b5c47a5204727_step_000,163ee4579a5b5c47a5204727,48,True,True,True,True,1.2014483218081295e-05,2.3605460228282027e-05,2.554522143327631e-05,1.1966892088821623e-05,5.929220151301706e-06,0,True,True,True,True,6.118795863585547e-05,0.00010105937690241262,0.00011460321547929198,1.9796403648797423e-05,4.0255472413264215e-05,0,True,True,True,True,4.505775359575637e-05,9.210114512825385e-05,0.00010124248365173116,3.725310671143234e-05,2.0359966583782807e-05,0
00062455_47888b68dba146bf8ea154b6_step_000,47888b68dba146bf8ea154b6,49,False,False,False,True,4.976028776582098e-06,8.09102948551299e-06,1.1948274732276332e-05,7.0390524342656136e-06,3.730029220605502e-06,0,True,False,False,True,2.068703543045558e-05,2.7006346499547362e-05,3.257418211433105e-05,2.548784868849907e-05,1.8159313185606152e-05,0,False,True,False,True,1.2907591553812381e-05,1.9752978914766572e-05,4.359059312264435e-05,1.325181256106589e-05,1.0169436791329645e-05,0
00023833_c23fa8ad3116430083224a5a_step_000,c23fa8ad3116430083224a5a,50,True,True,True,True,7.12402743374696e-06,1.1838815225928556e-05,1.1898904631379992e-05,1.1718634596036281e-05,4.766633082908811e-06,0,True,True,True,True,2.8327851396170445e-05,6.34817624813877e-05,8.503549179295078e-05,2.0374351151986048e-05,1.0750886758614797e-05,0,True,True,True,True,1.7697222574497573e-05,3.631220170063898e-05,3.972368358517997e-05,2.9489239750546403e-05,8.38973301142687e-06,0
00082964_9042b554b64fd2c8ff358a40_step_000,9042b554b64fd2c8ff358a40,51,True,True,True,True,4.4066450755053665e-06,7.986081072886009e-06,1.3768717508355621e-05,6.540421509271255e-06,2.97487076750258e-06,0,True,True,True,True,2.3204866010928527e-05,3.726249997271225e-05,6.330958422040567e-05,3.0750725272810087e-05,1.75818131538108e-05,0,True,True,True,True,1.2464069186535198e-05,2.2033083951100707e-05,5.896132643101737e-05,1.2801023331121542e-05,8.636462553113233e-06,0
00053039_8abed53813ef4811b9c9999c_step_000,8abed53813ef4811b9c9999c,52,True,True,True,True,9.742369002196938e-06,2.3895456251921132e-05,2.9856693799956702e-05,6.863338967377786e-06,4.434961738297716e-06,0,True,True,True,True,4.9227684939978644e-05,0.00013159384252503514,0.00017007012502290308,2.166163358197082e-05,1.8340369933866896e-05,0,True,True,True,True,4.14114365412388e-05,0.00012040915316902101,0.0001566443097544834,1.6880137991392985e-05,1.1787295079557225e-05,0
00034477_37339e3612864099b9b536c0_step_000,37339e3612864099b9b536c0,53,True,True,True,True,1.2450521353457589e-05,3.119905522908084e-05,5.058214446762577e-05,8.291769518109504e-06,5.63287267141277e-06,0,True,True,True,True,9.285607666242868e-05,0.0002004990092245862,0.0003306766739115119,4.66527089884039e-05,5.3713189117843285e-05,0,True,True,True,True,9.958874579751864e-05,0.0002442974946461618,0.0004231073544360697,3.297670991742052e-05,4.6967379603302106e-05,0
00017804_f80310b7c47d496abd4a42be_step_000,f80310b7c47d496abd4a42be,54,True,True,True,True,3.4503102597227553e-06,7.2035272751236334e-06,,7.2035272751236334e-06,1.928735628098366e-06,0,True,True,True,True,1.783606239769142e-05,3.406840914976783e-05,,3.406840914976783e-05,1.1255379831709433e-05,0,True,True,True,True,8.979388439911418e-06,2.161841985071078e-05,,2.161841985071078e-05,3.855456270684954e-06,0
00021066_91bd70c7097c490fa4b489b1_step_000,91bd70c7097c490fa4b489b1,55,True,True,True,True,3.8804546420578845e-06,7.933907909318805e-06,2.38336760958191e-05,6.063346972950967e-06,2.340141463719192e-06,0,True,False,False,True,1.754163167788647e-05,3.3932145015569404e-05,0.00012212363071739674,2.3556678570457734e-05,1.1313233699183911e-05,0,True,True,True,True,1.4780642231926322e-05,3.86860228900332e-05,0.000186144417966716,2.1337975340429693e-05,5.696597327187192e-06,0
00057726_dd809fd4840842098bdc4775_step_000,dd809fd4840842098bdc4775,56,True,True,True,True,1.8834110960597172e-05,4.9622707592789084e-05,5.1992436056025326e-05,2.118593874911312e-05,3.439812871874892e-06,0,True,True,True,True,0.0001331785460934043,0.0003327658923808485,0.000349406007444486,0.000133084729895927,3.338486931170337e-05,0,True,True,True,True,0.00010991515591740608,0.00026782325585372746,0.00028147597913630307,0.00010399032908026129,3.0961116863181815e-05,0
00008471_110e9b58ba504fd681a14cb0_step_003,110e9b58ba504fd681a14cb0,57,True,True,True,True,7.876396921346895e-06,1.6632988263154402e-05,2.4292816306115128e-05,1.4444466614804696e-05,4.592674940795405e-06,0,True,True,True,True,6.952902185730636e-05,0.00010146408749278635,0.00016500987112522125,8.330815762747079e-05,5.7553381338948384e-05,0,True,True,True,True,5.960214548395015e-05,0.00011892058682860807,0.00024183905043173581,8.380100916838273e-05,3.73577386199031e-05,0
00032004_b91639b3cc4b41c7bf6a854d_step_000,b91639b3cc4b41c7bf6a854d,58,,False,False,False,0.00023232592502608895,0.0006705450941808522,0.0009541976032778621,2.2196423742570914e-05,2.6631209038896486e-05,0,,False,False,False,0.001000737538561225,0.0025080409832298756,0.0035583749413490295,0.00010727898916229606,0.0002932275820057839,0,,False,False,False,0.0011295535368844867,0.003026715014129877,0.0039971452206373215,0.000808588694781065,0.000239049200899899,0
00099234_56d5306be4b0a5e7b6f734b6_step_000,56d5306be4b0a5e7b6f734b6,59,True,True,True,True,1.0182216101384256e-05,2.3224527467391454e-05,3.5481683880789205e-05,7.195932539616479e-06,5.291351499181474e-06,0,True,True,True,True,6.341765401884913e-05,0.00013951586151961237,0.0002215170970885083,3.228344939998351e-05,3.488083530100994e-05,0,True,True,True,True,4.393870767671615e-05,0.0001054460954037495,0.00016669802425894886,2.534741179260891e-05,2.0873427274636924e-05,0
00044572_2c4eb360300e42af81aa56ef_step_000,2c4eb360300e42af81aa56ef,60,True,True,True,True,0.00011237028957111761,0.00018196807650383562,0.0004884362570010126,6.843353730801027e-06,8.348064875463024e-05,0,True,True,True,True,0.0009053287794813514,0.001142790075391531,0.003071654587984085,4.0581908251624554e-05,0.0008067598100751638,0,True,True,True,True,0.0005001190584152937,0.0004598268133122474,0.0012135625584051013,2.9120723411324434e-05,0.000516844040248543,0
00040533_2e5a062663894807a5cb21fb_step_002,2e5a062663894807a5cb21fb,61,False,False,False,True,8.72439250088064e-06,1.2301509741519112e-05,1.1819563951576129e-05,1.2622807844309136e-05,6.935833425814053e-06,0,False,False,False,True,3.5849698178935796e-05,4.022713255835697e-05,4.0874543628888205e-05,3.9795530028641224e-05,3.3660973713267595e-05,0,False,False,False,True,3.839271448669024e-05,4.58859940408729e-05,6.555589789059013e-05,3.277271753177047e-05,3.464607652858831e-05,0
00063055_e309c689b9b44f0686f47966_step_000,e309c689b9b44f0686f47966,62,False,True,False,True,1.517968121333979e-05,3.2673473469913006e-05,7.202841516118497e-05,7.629417268617544e-06,8.881917892722413e-06,0,False,True,False,True,0.00018085331248585135,0.0005030303145758808,0.001243329606950283,3.193068187101744e-05,6.486961501650512e-05,0,False,False,False,True,0.00014306599041447043,0.000437429960584268,0.00107729178853333,3.0245100788306445e-05,3.709498923853971e-05,0
00073885_dab27e634677416083de7a51_step_003,dab27e634677416083de7a51,63,True,True,True,True,0.00027626266819424927,5.254900679574348e-05,0.00013326111366041005,1.6676953237038106e-05,0.00035704817855730653,0,True,True,True,True,0.002572122262790799,0.00026241998421028256,0.0006287720170803368,9.959685849025846e-05,0.003406181465834379,0,True,True,True,True,0.001959835411980748,0.000263284397078678,0.0006573072168976068,8.816316403681412e-05,0.002572478959336877,0
00072557_085af6b71b01489cae846c20_step_000,085af6b71b01489cae846c20,64,False,False,False,True,0.00024197850143536925,0.0002622378815431148,0.0004729734791908413,9.35517073230585e-06,0.00023415914620272815,0,False,True,False,True,0.0014831426087766886,0.002536230022087693,0.00460583483800292,5.270441033644602e-05,0.0010766881750896573,0,,False,False,False,0.0010841693729162216,0.0015325048007071018,0.002774387365207076,4.224591248203069e-05,0.0009111276012845337,0
00082071_e93c957f836d34e1e665f0bc_step_001,e93c957f836d34e1e665f0bc,65,True,True,True,True,8.104992048174608e-06,1.6920997950364836e-05,3.049204133276362e-05,1.0135478078154847e-05,4.798989721166436e-06,0,True,True,True,True,4.9661219236440957e-05,8.810822328086942e-05,0.0001544479455333203,5.493836215464398e-05,3.524359271978028e-05,0,True,True,True,True,5.414993211161345e-05,9.055557893589139e-05,0.0001805127103580162,4.5577005948871374e-05,4.049781273351982e-05,0
00041461_306bdd55d96446919ab49bf5_step_000,306bdd55d96446919ab49bf5,66,False,True,False,True,2.077013414236717e-05,6.424429011531174e-05,0.00013998470967635512,4.733969944936689e-06,4.548430752038257e-06,0,False,True,False,True,9.131716069532558e-05,0.0002561112050898373,0.0005553542287088931,2.099171615554951e-05,2.982684236485511e-05,0,True,False,False,True,0.0001569844753248617,0.0005202357424423099,0.001164907356724143,1.3708026926906314e-05,2.1442976503749378e-05,0
00076294_05622137065cf40a5bcffa79_step_000,05622137065cf40a5bcffa79,67,True,True,True,True,5.686078566213837e-06,9.418721674592234e-06,1.3922216567152645e-05,6.7166247390559874e-06,4.3686750359483995e-06,0,True,True,True,True,3.5414046578807756e-05,5.4930755140958354e-05,7.398521847790107e-05,4.3498072045622393e-05,2.852580109902192e-05,0,True,True,True,True,2.3823717128834687e-05,4.417683885549195e-05,8.681385224917904e-05,1.8594633729662746e-05,1.6640262401779182e-05,0
00099035_5bb58c4fffe22efa72d1057b_step_000,5bb58c4fffe22efa72d1057b,68,True,True,True,True,8.886770046956372e-06,2.0585712263709866e-05,4.1334449633723125e-05,6.2211988733906765e-06,3.9372180253849365e-06,0,True,True,True,True,6.296930951066315e-05,0.0001475807948736474,0.00033200252801179886,1.9904198779840954e-05,2.7172147383680567e-05,0,True,True,True,True,4.704069942818023e-05,9.344625141238794e-05,0.00020056973153259605,1.9283841538708657e-05,2.7407588277128525e-05,0
00095863_0fdff2b55aeeabfa69ff33a2_step_000,0fdff2b55aeeabfa69ff33a2,69,True,True,True,True,3.151186092509306e-06,5.487325324793346e-06,,5.487325324793346e-06,2.238632077933289e-06,0,True,True,True,True,2.0442286768229678e-05,2.6518746381043456e-05,,2.6518746381043456e-05,1.8068671124638058e-05,0,True,True,True,True,7.757969797239639e-06,1.2134934877394699e-05,,1.2134934877394699e-05,6.0482170738396235e-06,0
00059512_4c602d653ee9437aa2550d0c_step_000,4c602d653ee9437aa2550d0c,70,True,True,True,True,9.182403118757065e-06,1.4610770449507982e-05,1.2576255357998889e-05,1.8001630451180972e-05,6.287272753979778e-06,0,True,True,True,True,3.630684659583494e-05,6.724189734086394e-05,6.009677963447757e-05,7.915041351225227e-05,1.9808152501354925e-05,0,True,False,False,True,3.360491609782912e-05,7.214044308057055e-05,8.37951447465457e-05,5.2715946367243305e-05,1.3052640497335233e-05,0
00093498_78cd6150806188dafe1aec96_step_000,78cd6150806188dafe1aec96,71,True,True,True,True,3.3489977795397863e-06,7.106430530257057e-06,,7.106430530257057e-06,1.8877742604672676e-06,0,True,True,True,True,1.555869312142022e-05,2.978478187287692e-05,,2.978478187287692e-05,1.0026323252532165e-05,0,True,True,True,True,9.789623618416954e-06,2.7329679141985252e-05,,2.7329679141985252e-05,2.968492253785371e-06,0
00010424_d3e28227a5914aa2a0542b72_step_000,d3e28227a5914aa2a0542b72,72,True,False,False,True,0.0009092340478673577,0.002978498348966241,0.0036384863778948784,8.55201233207481e-06,1.6610463717370294e-05,0,False,False,False,True,0.0016212471527978778,0.0049027372151613235,0.005986492149531841,2.5839053705567494e-05,0.00020570223568938673,0,True,True,True,True,0.0016320598078891635,0.004941594321280718,0.0060358489863574505,1.7450660379836336e-05,0.0002044174907496199,0
00056988_bbfee41efd6d47798ad0285c_step_000,bbfee41efd6d47798ad0285c,73,True,True,True,True,1.661667920416221e-05,4.3181680666748434e-05,0.00016676285304129124,9.477735147811472e-06,6.2858407545718364e-06,0,True,True,True,True,8.852211612975225e-05,0.0002349462447455153,0.0008276998996734619,7.328617357416078e-05,3.1579387723468244e-05,0,True,True,True,True,8.357318438356742e-05,0.00021462801669258624,0.0008899556123651564,3.044777076866012e-05,3.260740777477622e-05,0
00038708_1bf48b0ea47a45c6a49b8b5e_step_000,1bf48b0ea47a45c6a49b8b5e,74,True,True,True,True,1.5949670341797173e-05,3.250892405048944e-05,5.221896572038531e-05,2.1422023564809933e-05,8.557144610676914e-06,0,True,True,True,True,0.00012344522110652179,0.0002223687624791637,0.00032602885039523244,0.00016405996575485915,7.928292325232178e-05,0,True,False,False,True,0.00010500301868887618,0.00019809912191703916,0.0003316350048407912,0.00012298520596232265,6.344225403154269e-05,0
00021281_1ef23b4d4fd3467fb3cdc8fb_step_000,1ef23b4d4fd3467fb3cdc8fb,75,True,True,True,True,3.815541731455596e-06,6.161966666695662e-06,6.343336281133816e-06,6.041054803063162e-06,2.9775324037473183e-06,0,True,True,True,True,1.4667612049379386e-05,2.691296140255872e-05,2.6806947062141262e-05,2.6983638235833496e-05,1.0294272215105593e-05,0,True,True,True,True,9.522629625280388e-06,2.2898395400261506e-05,2.2766407710150816e-05,2.2986381736700423e-05,4.745568730868399e-06,0
00002441_179a8df075c94d0596b1f20d_step_010,179a8df075c94d0596b1f20d,76,True,False,False,True,9.597089956514537e-06,1.6092079022200778e-05,2.6499303203308955e-05,9.587563909008168e-06,6.68554412186495e-06,0,True,True,True,True,0.0001293071691179648,0.00028604234103113413,0.0006741310353390872,4.348690708866343e-05,5.9046542446594685e-05,0,True,False,False,True,8.6090418335516e-05,0.00016043965297285467,0.0003717726795002818,2.835650957422331e-05,5.276145748212002e-05,0
00081451_22cff4ffbc7ecf283fa8bf38_step_000,22cff4ffbc7ecf283fa8bf38,77,True,False,False,True,6.3382658481714316e-06,1.0384130291640759e-05,1.032672207657015e-05,1.0422402738186065e-05,4.090563834324712e-06,0,False,False,False,True,2.12402028409997e-05,3.695212217280641e-05,6.0589329223148525e-05,2.1193984139245003e-05,1.2511360182543285e-05,0,True,False,False,True,1.3267460417409893e-05,2.6657498892745934e-05,2.752606633293908e-05,2.607845817692578e-05,5.8285490922571626e-06,0
00047472_197769bbdd814278b715d88a_step_000,197769bbdd814278b715d88a,78,True,False,False,True,6.177495379233733e-05,0.0001912217994686216,0.0005449015297926962,8.284018804260995e-06,1.6209654859267175e-05,0,True,False,False,True,0.00026754310238175094,0.0005720212357118726,0.0015718222130089998,5.488273382070474e-05,0.00016036683518905193,0,True,False,False,True,0.00019889209943357855,0.00031120190396904945,0.0008640074520371854,2.5267978344345465e-05,0.00015935907140374184,0
00095604_0283263d8d8f13ce1bfd782a_step_001,0283263d8d8f13ce1bfd782a,79,True,True,True,True,6.088141617510701e-06,1.2949557458341587e-05,3.33017815137282e-05,5.54874759473023e-06,2.8718529847537866e-06,0,True,True,True,True,2.66346523858374e-05,5.781223808298819e-05,0.00017187029880005866,1.633657120692078e-05,1.2020156646030955e-05,0,True,True,True,True,1.935407635755837e-05,4.742342935060151e-05,0.00012690557923633605,1.852083187259268e-05,6.196565209393157e-06,0
00011427_8f6241b150114a26b91d29a1_step_000,8f6241b150114a26b91d29a1,80,True,True,True,True,6.9887619247310795e-06,1.2991390576644335e-05,1.5090236956893932e-05,5.120724381413311e-06,4.661210823542206e-06,0,True,True,True,True,3.979116081609391e-05,7.771032687742263e-05,9.228152339346707e-05,2.3068303562467918e-05,2.5087811081903055e-05,0,True,True,True,True,2.7150006644660607e-05,6.270115409279242e-05,7.600675598951057e-05,1.2805103324353695e-05,1.3364870028453879e-05,0
00011300_7e57bdca7f5d47418ad70f60_step_000,7e57bdca7f5d47418ad70f60,81,False,False,False,True,5.045641228207387e-05,0.00012999409227631986,0.0002642533800099045,1.2517196410044562e-05,1.4302926501841284e-05,0,False,False,False,True,0.0002850272285286337,0.000660702760796994,0.0013370985398069024,6.885636685183272e-05,0.00011426564014982432,0,False,False,False,True,0.00022751445067115128,0.0005203810287639499,0.0010740456636995077,3.5924455005442724e-05,9.43932609516196e-05,0
00094802_e0e5d3217e20015960b1f4bc_step_000,e0e5d3217e20015960b1f4bc,82,False,True,False,True,0.0005587107734754682,0.001824329374358058,0.006390542723238468,8.481970144202933e-05,0.0001217711906065233,0,False,False,False,True,0.0020512943156063557,0.0061526186764240265,0.021109845489263535,0.0004546271520666778,0.0006353607750497758,0,False,False,False,True,0.0020558072719722986,0.005149947013705969,0.017918087542057037,0.00028589347493834794,0.000987592269666493,0
00016845_33dbc9e6ea684970be61af74_step_000,33dbc9e6ea684970be61af74,83,,False,False,False,9.397572284797207e-06,2.2562411686521955e-05,3.816443495452404e-05,1.0675157682271674e-05,3.59877208211401e-06,0,,False,False,False,6.097368896007538e-05,0.00015996098227333277,0.0003054601838812232,4.91044411319308e-05,1.7372132788295858e-05,0,,False,False,False,5.505204535438679e-05,0.00014702734188176692,0.00028145554824732244,4.460585114429705e-05,1.4539117728418205e-05,0
00087341_6a73c5e821934d3fe4d0d555_step_000,6a73c5e821934d3fe4d0d555,84,,False,False,False,0.008466525934636593,0.015994707122445107,0.02132214605808258,1.2388894901960157e-05,0.005378040485084057,0,,False,False,False,0.008889020420610905,0.018468793481588364,0.024600282311439514,7.433506834786385e-05,0.00495885917916894,0,,False,False,False,0.010003204457461834,0.019156096503138542,0.025526883080601692,4.374014679342508e-05,0.006248172838240862,0
00076198_7fde7438ca5d3ccb8a1dd1f4_step_000,7fde7438ca5d3ccb8a1dd1f4,85,False,False,False,True,0.0006357653765007854,0.002190027153119445,0.0040853326208889484,1.0424889296700712e-05,5.263065759208985e-06,0,False,False,False,True,0.0012033125385642052,0.0040969159454107285,0.007611622102558613,5.5003318266244605e-05,2.9492348403437063e-05,0,False,False,False,True,0.0021450056228786707,0.007369969505816698,0.01374661922454834,3.682337774080224e-05,2.544436756579671e-05,0
00059687_760d1454bb604b12b41c1b4f_step_000,760d1454bb604b12b41c1b4f,86,True,True,True,True,6.134169234428555e-05,0.00020911020692437887,0.00036978264688514173,6.155580194899812e-06,4.609137249644846e-06,0,True,True,True,True,0.00018616954912431538,0.0005621153977699578,0.0009781562257558107,3.6590183299267665e-05,4.183320561423898e-05,0,True,True,True,True,0.00017981963173951954,0.0005687106749974191,0.0010020332410931587,2.1355714125093073e-05,3.0513259844155982e-05,0
00051988_07c71470b81f4563a51961d1_step_000,07c71470b81f4563a51961d1,87,True,True,True,True,1.7942464182851836e-05,1.025784786179429e-05,1.647629505896475e-05,7.770468073431402e-06,2.1528619981836528e-05,0,True,True,True,True,0.00015309495211113244,6.827791366958991e-05,0.00014823079982306808,3.6296747566666454e-05,0.00019267623429186642,0,True,True,True,True,9.11689639906399e-05,3.5149532777722925e-05,6.246220436878502e-05,2.4224462322308682e-05,0.00011731139238690957,0
00051587_446e8810d6884cae80689579_step_000,446e8810d6884cae80689579,88,False,False,False,True,7.969206308189314e-06,1.1838458704005461e-05,1.1375732356100343e-05,1.2763906852342188e-05,6.034579655533889e-06,0,True,False,False,True,3.898828072124161e-05,5.828925714013167e-05,6.551921251229942e-05,4.3829357309732586e-05,2.9337794330785982e-05,0,False,False,False,True,2.1118843505973928e-05,3.224538886570372e-05,3.299263335065916e-05,3.075089989579283e-05,1.5555571735603735e-05,0
00058318_b0522469aa7444609fdb8648_step_000,b0522469aa7444609fdb8648,89,True,True,True,True,4.918900685879635e-06,8.202277967939153e-06,1.1908672604477033e-05,6.349082013912266e-06,3.5117377592541743e-06,0,True,True,True,True,2.75482889264822e-05,3.516867582220584e-05,5.375759428716265e-05,2.5874212951748632e-05,2.4282406229758635e-05,0,True,True,True,True,1.8876869944506325e-05,3.15472534566652e-05,5.489436807692982e-05,1.987370524147991e-05,1.3446704542730004e-05,0
00082898_758f08aa258ddc34258e2fe9_step_000,758f08aa258ddc34258e2fe9,90,True,True,True,True,6.786074209230719e-06,1.2820853044104297e-05,1.4249073501559906e-05,1.1297418495814782e-05,3.951555754611036e-06,0,True,True,True,True,3.240002479287796e-05,5.851132664247416e-05,7.728602213319391e-05,3.848499181913212e-05,2.0135623344685882e-05,0,True,True,True,True,2.5928600734914653e-05,6.069406299502589e-05,4.933620584779419e-05,7.2809103585314e-05,9.599374607205391e-06,0
00075126_e15ecd8d25124bd08c56c2bc_step_002,e15ecd8d25124bd08c56c2bc,91,,False,False,False,9.700790542410687e-05,0.0002514859661459923,0.0005563489976339042,7.595508122903993e-06,3.234266841900535e-05,0,False,True,False,True,0.00038258929271250963,0.00041625037556514144,0.0008899512467905879,3.7289675674401224e-05,0.00036849864409305155,0,False,True,False,True,0.000327972142258659,0.0004992440808564425,0.0010781706077978015,3.6103017919231206e-05,0.0002562768931966275,0
00095733_8b325d2fcb27ec9e79388602_step_000,8b325d2fcb27ec9e79388602,92,,False,False,False,0.004876118618994951,0.018145998939871788,0.02473931945860386,1.43697770909057e-05,7.977654604474083e-05,0,False,False,False,True,0.005920420866459608,0.020414795726537704,0.027785344049334526,0.00014579476555809379,0.0006814895896241069,0,False,False,False,True,0.005713453516364098,0.01996389776468277,0.027178067713975906,0.00012493970280047506,0.0005626912461593747,0
00076803_56aa612fe4b0d96590376629_step_000,56aa612fe4b0d96590376629,93,True,True,True,True,6.327541996142827e-06,1.1114379049104173e-05,1.406663614034187e-05,5.209863047639374e-06,4.586874638334848e-06,0,True,True,True,True,3.373790605110116e-05,6.22013394604437e-05,7.598038064315915e-05,3.46432498190552e-05,2.3387561668641865e-05,0,True,True,True,True,3.2993491913657635e-05,5.113149018143304e-05,6.76858180668205e-05,1.8022827134700492e-05,2.63978563452838e-05,0
00062906_ad77c1a0803945928422e4e1_step_000,ad77c1a0803945928422e4e1,94,False,False,False,True,0.00010287501208949834,0.00030833613709546626,0.0005317975301295519,4.424534199642949e-05,1.321923809882719e-05,0,False,False,False,True,0.00040074207936413586,0.001006307196803391,0.0017276456346735358,0.00015381643606815487,0.00013649552420247346,0,False,False,False,True,0.0004190141917206347,0.0011385803809389472,0.0018794405041262507,0.00026301879552192986,0.00010502158693270758,0
00078600_65d953d0cc37aa64abab0684_step_000,65d953d0cc37aa64abab0684,95,True,True,True,True,2.5282617571065202e-05,6.579877663170919e-05,7.737663690932095e-05,1.0803947589010932e-05,4.574363174469909e-06,0,True,True,True,True,0.00011469566379673779,0.00026310738758184016,0.000307801878079772,5.0808674131985754e-05,3.884077159455046e-05,0,False,False,False,True,0.00010344319161958992,0.00026704175979830325,0.00031669321469962597,3.1197138014249504e-05,1.9826147763524204e-05,0
00028130_3be1e5c18e464a6b98b6d317_step_000,3be1e5c18e464a6b98b6d317,96,True,True,True,True,9.971064173441846e-06,2.3442600650014356e-05,3.222889790777117e-05,1.2703792890533805e-05,4.582449491863372e-06,0,True,True,True,True,6.143256177892908e-05,0.00013079881318844855,0.0001769540540408343,7.438685861416161e-05,3.368605757714249e-05,0,True,True,True,True,5.632111424347386e-05,0.00014862700481899083,0.00021608034148812294,6.618403131142259e-05,1.9398761651245877e-05,0
00032101_674d8fea687f4d9bbca6599b_step_000,674d8fea687f4d9bbca6599b,97,False,False,False,True,1.1714706488419324e-05,2.1532157916226424e-05,,2.1532157916226424e-05,6.805982593505178e-06,0,False,False,False,True,5.097134635434486e-05,7.662583811907098e-05,,7.662583811907098e-05,3.81440986529924e-05,0,False,False,False,True,3.665405165520497e-05,6.172043504193425e-05,,6.172043504193425e-05,2.4120859961840324e-05,0
00067391_7a3b816e2d7a4b15a9f9c018_step_001,7a3b816e2d7a4b15a9f9c018,98,False,True,False,True,5.091838374937652e-06,9.796279300644528e-06,1.3577576282841619e-05,8.192092536773998e-06,3.1522886274615303e-06,0,False,True,False,True,2.370357105974108e-05,4.24104327976238e-05,6.327700248220935e-05,3.355794251547195e-05,1.5991094187484123e-05,0,False,True,False,True,2.070559094136115e-05,5.031971159041859e-05,0.00010191633919021115,2.8430227757780813e-05,8.496263035340235e-06,0
00008763_affd199038524a1c8e3b7ad4_step_001,affd199038524a1c8e3b7ad4,99,False,False,False,True,5.22334776178468e-05,0.0001453515433240682,0.0002664817147888243,1.3209495591581799e-05,1.768967558746226e-05,0,False,False,False,True,0.0005056927911937237,0.0010732852388173342,0.002012195298448205,4.901951251667924e-05,0.00029513423214666545,0,False,False,False,True,0.0004530275473371148,0.0013452045386657119,0.0025307924952358007,5.183547909837216e-05,0.00012205875100335106,0
